{"type": "FeatureCollection", "name": "Angola_Provincias", "features": [{"type": "Feature", "properties": {"PROVINCIA": "Cuanza Sul", "SEDE": "Sumbe", "N_MUNIC": 24, "N_COMUNAS": 23, "ID": 7, "MUNICIPIOS": ["Sumbe", "Calulo", "Gabela", "Cassongue", "Porto Amboím", "Quibala", "Seles", "Waku Kungo", "Mussende", "Quilenda", "Ebo", "Conda", "Quirimbo", "Munenga", "Quissongo", "Gungo", "Sanga", "Gangula", "Pambangala", "Condé", "Amboiva", "Lonhe", "Quenha", "Boa Entrada"], "COMUNAS": ["Sumbe", "Quicombo", "Calulo", "Cabuta", "Gabela", "Assango", "Cassongue", "Atóme", "Dumbi", "Porto Amboím", "Capolo", "Quibala", "Dala Cachibo", "Seles", "Botera", "Mussende", "Quipaxi", "Ebo", "Cassanje", "Conda", "Cunjo", "Lonhe", "Cariango"]}, "geometry": {"type": "Polygon", "coordinates": [[[16.491623, -10.683073], [16.491614, -10.683048], [16.489186, -10.657791], [16.481628, -10.634545], [16.469836, -10.613143], [16.454709, -10.593419], [16.418045, -10.558338], [16.37882, -10.527969], [16.327853, -10.48578], [16.313048, -10.464902], [16.309504, -10.443085], [16.307188, -10.423887], [16.296467, -10.407449], [16.260188, -10.37858], [16.224492, -10.350341], [16.212581, -10.333648], [16.208042, -10.314073], [16.215517, -10.272346], [16.232357, -10.222838], [16.253836, -10.158107], [16.260365, -10.126657], [16.261191, -10.098014], [16.257166, -10.07886], [16.250021, -10.065739], [16.228867, -10.048375], [16.204641, -10.029163], [16.194257, -10.013928], [16.186544, -9.992397], [16.18105, -9.975175], [16.174693, -9.966037], [16.157216, -9.960984], [16.134956, -9.956742], [16.122101, -9.949915], [16.108574, -9.937589], [16.09609, -9.920055], [16.090592, -9.905233], [16.091238, -9.880275], [16.092781, -9.860405], [16.085578, -9.833652], [16.073246, -9.822352], [16.049652, -9.814319], [15.97861, -9.806079], [15.810661, -9.807076], [15.728858, -9.808577], [15.696775, -9.809354], [15.68025, -9.813244], [15.674034, -9.81998], [15.67288, -9.829298], [15.66637, -9.857707], [15.655633, -9.872797], [15.644924, -9.881525], [15.626725, -9.887797], [15.622397, -9.88879], [15.540867, -9.895287], [15.371558, -9.901749], [15.12522, -9.908684], [15.105422, -9.905793], [15.083062, -9.897463], [15.024915, -9.866567], [15.002922, -9.854208], [14.97587, -9.834487], [14.958936, -9.815273], [14.946177, -9.800551], [14.928719, -9.787131], [14.901046, -9.775247], [14.857641, -9.765136], [14.818063, -9.760987], [14.796468, -9.76478], [14.786715, -9.774558], [14.782665, -9.788365], [14.776229, -9.809292], [14.769471, -9.819662], [14.758667, -9.828968], [14.724667, -9.845379], [14.691588, -9.8546], [14.654871, -9.859554], [14.468744, -9.862452], [14.403447, -9.860723], [14.394957, -9.9543], [14.382247, -10.062312], [14.370351, -10.096211], [14.351301, -10.117563], [14.345299, -10.124411], [14.351881, -10.142022], [14.370959, -10.169532], [14.41195, -10.229519], [14.427631, -10.261483], [14.429451, -10.273232], [14.427445, -10.282659], [14.414615, -10.29377], [14.397787, -10.29736], [14.384207, -10.300144], [14.381619, -10.304056], [14.38835, -10.326671], [14.403447, -10.356686], [14.429505, -10.41012], [14.439601, -10.439688], [14.444932, -10.470322], [14.442191, -10.49871], [14.429437, -10.519453], [14.407359, -10.531569], [14.380268, -10.535537], [14.323979, -10.530819], [14.304151, -10.523467], [14.289946, -10.509506], [14.271161, -10.471163], [14.257831, -10.440411], [14.238, -10.413669], [14.206617, -10.390284], [14.171589, -10.37534], [14.129031, -10.366318], [14.075054, -10.360695], [14.0462, -10.361932], [14.019794, -10.369261], [13.996094, -10.381347], [13.975361, -10.396857], [13.943829, -10.432819], [13.927273, -10.466478], [13.914024, -10.490871], [13.904309, -10.498667], [13.89278, -10.503237], [13.878878, -10.504292], [13.864664, -10.501113], [13.850888, -10.493985], [13.8383, -10.48319], [13.820423, -10.467908], [13.792647, -10.455322], [13.751377, -10.44982], [13.693019, -10.455787], [13.655814, -10.460739], [13.629345, -10.460087], [13.59454, -10.449601], [13.55756, -10.439074], [13.538342, -10.434822], [13.521005, -10.426548], [13.491683, -10.400767], [13.469015, -10.367401], [13.452419, -10.332121], [13.440307, -10.317972], [13.420496, -10.309513], [13.374448, -10.304552], [13.388094, -10.333031], [13.394257, -10.367572], [13.394449, -10.439737], [13.394109, -10.478672], [13.411005, -10.504198], [13.449925, -10.545141], [13.545736, -10.635418], [13.627704, -10.715134], [13.633702, -10.728895], [13.633199, -10.74404], [13.622526, -10.764872], [13.604399, -10.783855], [13.564721, -10.810888], [13.577122, -10.837028], [13.605421, -10.878773], [13.672857, -10.967965], [13.720132, -11.030024], [13.735675, -11.056362], [13.727619, -11.119907], [13.702849, -11.237505], [13.672081, -11.359365], [13.646029, -11.435697], [13.640805, -11.453596], [13.636996, -11.483742], [13.63285, -11.571051], [13.633034, -11.785618], [13.691937, -11.786367], [13.725541, -11.79022], [13.751335, -11.798142], [13.77782, -11.817705], [13.804962, -11.837375], [13.820586, -11.842372], [13.838976, -11.841762], [13.872863, -11.838023], [13.903391, -11.838798], [13.935437, -11.843094], [13.942772, -11.844596], [13.941934, -11.852283], [13.939314, -11.919439], [13.942734, -11.950063], [13.950932, -11.968924], [13.95677, -11.970771], [13.976511, -11.972412], [13.991862, -11.982405], [14.013077, -12.01271], [14.027748, -12.032922], [14.039701, -12.037024], [14.049398, -12.044123], [14.068313, -12.055427], [14.082627, -12.057546], [14.102723, -12.055324], [14.120853, -12.045994], [14.143417, -12.026829], [14.195351, -11.97277], [14.274472, -11.893499], [14.311074, -11.869257], [14.327904, -11.863841], [14.343475, -11.863983], [14.368245, -11.87388], [14.394497, -11.892678], [14.421558, -11.919452], [14.448753, -11.953283], [14.475409, -11.993246], [14.500852, -12.038421], [14.52441, -12.087885], [14.545407, -12.140716], [14.590833, -12.146328], [14.615863, -12.145759], [14.635878, -12.140535], [14.65504, -12.12885], [14.676426, -12.115887], [14.70053, -12.105763], [14.727631, -12.102877], [14.758011, -12.111629], [14.785169, -12.131503], [14.807593, -12.157832], [14.836312, -12.207549], [14.853482, -12.200701], [14.873178, -12.192426], [14.882386, -12.182933], [14.890627, -12.167111], [14.909828, -12.127243], [14.933371, -12.094943], [14.96116, -12.070318], [14.993103, -12.053475], [15.023239, -12.045103], [15.055249, -12.04011], [15.105227, -12.03136], [15.132326, -12.023214], [15.160707, -12.010696], [15.213855, -11.989809], [15.230452, -11.984314], [15.24127, -11.976925], [15.247838, -11.963612], [15.251685, -11.940347], [15.258994, -11.813729], [15.258733, -11.761101], [15.255175, -11.732472], [15.209028, -11.708698], [15.182315, -11.686972], [15.172873, -11.67428], [15.167877, -11.660609], [15.169643, -11.64338], [15.186037, -11.623011], [15.216626, -11.605622], [15.262966, -11.586145], [15.382242, -11.546039], [15.502551, -11.512919], [15.582578, -11.497015], [15.618061, -11.406111], [15.626894, -11.382221], [15.629439, -11.368406], [15.626892, -11.357964], [15.614393, -11.343617], [15.607732, -11.336906], [15.605574, -11.328572], [15.613734, -11.319548], [15.669778, -11.261414], [15.736692, -11.179844], [15.748984, -11.149097], [15.757789, -11.103689], [15.766007, -11.019763], [15.766516, -11.012241], [15.774016, -11.011938], [15.911633, -11.005256], [15.913474, -11.005256], [15.939125, -11.010941], [15.965352, -11.02568], [16.016611, -11.068413], [16.048283, -11.095819], [16.062133, -11.105123], [16.072094, -11.107692], [16.091017, -11.087055], [16.119549, -11.037859], [16.185878, -10.896966], [16.187047, -10.894126], [16.189713, -10.892794], [16.283603, -10.839786], [16.352499, -10.79295], [16.435809, -10.721677], [16.465467, -10.695167], [16.478451, -10.687107], [16.491623, -10.683073]]]}}, {"type": "Feature", "properties": {"PROVINCIA": "Icolo e Bengo", "SEDE": "Catete", "N_MUNIC": 7, "N_COMUNAS": 11, "ID": 12, "MUNICIPIOS": ["Catete", "Quiçama", "Calumbo", "Cabiri", "Cabo Ledo", "Bom Jesus", "Sequele"], "COMUNAS": ["Catete", "Cassoneca", "Caculo Cahango", "Caxicane", "Muxima", "Quixinge", "Demba Chio", "Mumbondo", "Funda", "Quifangondo", "Sequele"]}, "geometry": {"type": "Polygon", "coordinates": [[[14.419801, -10.501295], [14.425022, -10.494863], [14.428464, -10.486819], [14.430157, -10.477116], [14.430131, -10.465708], [14.428292, -10.451531], [14.425063, -10.437386], [14.420698, -10.423371], [14.415448, -10.40958], [14.403301, -10.383058], [14.390638, -10.358588], [14.373731, -10.324848], [14.368666, -10.310714], [14.367295, -10.304283], [14.366818, -10.298257], [14.367636, -10.291807], [14.369897, -10.286738], [14.37331, -10.282866], [14.377583, -10.280008], [14.387548, -10.276596], [14.397466, -10.275028], [14.407801, -10.273238], [14.411855, -10.27179], [14.414128, -10.269682], [14.41461, -10.266921], [14.413589, -10.260603], [14.409257, -10.249552], [14.399801, -10.232593], [14.378127, -10.199691], [14.359318, -10.173433], [14.346245, -10.155113], [14.336702, -10.139928], [14.333459, -10.133236], [14.331344, -10.126998], [14.33044, -10.121103], [14.330828, -10.115443], [14.332393, -10.110424], [14.3351, -10.105842], [14.33896, -10.101634], [14.343988, -10.097739], [14.348413, -10.094341], [14.352402, -10.090163], [14.359196, -10.079452], [14.364623, -10.065568], [14.368938, -10.048478], [14.372393, -10.028145], [14.375244, -10.004536], [14.380143, -9.947344], [14.385121, -9.884551], [14.388976, -9.852583], [14.367986, -9.849414], [14.360798, -9.850939], [14.350993, -9.854594], [14.330706, -9.861402], [14.319079, -9.863946], [14.307173, -9.864955], [14.295048, -9.863594], [14.289273, -9.861738], [14.283783, -9.85896], [14.278643, -9.855155], [14.273924, -9.85022], [14.269692, -9.844052], [14.266017, -9.836546], [14.263871, -9.832507], [14.260841, -9.828713], [14.252352, -9.821791], [14.240985, -9.815639], [14.227175, -9.81012], [14.211358, -9.805095], [14.193969, -9.800424], [14.156219, -9.79159], [14.119418, -9.783076], [14.083618, -9.773338], [14.06662, -9.767667], [14.050504, -9.76128], [14.035482, -9.754039], [14.021763, -9.745807], [14.005379, -9.733047], [13.993082, -9.72008], [13.984285, -9.706906], [13.978401, -9.693523], [13.974845, -9.679929], [13.973031, -9.666121], [13.972282, -9.63786], [13.971281, -9.605278], [13.968904, -9.588139], [13.964275, -9.570185], [13.960553, -9.554863], [13.95951, -9.540274], [13.960777, -9.526289], [13.963989, -9.512778], [13.968779, -9.499612], [13.974779, -9.486662], [13.988945, -9.460889], [14.000808, -9.439413], [14.011391, -9.416883], [14.015724, -9.405013], [14.019162, -9.392628], [14.021514, -9.379643], [14.022588, -9.365975], [14.022433, -9.357054], [14.021479, -9.348984], [14.019744, -9.341705], [14.01725, -9.335155], [14.014017, -9.329274], [14.010065, -9.324], [14.005414, -9.319274], [14.000084, -9.315033], [13.987471, -9.307765], [13.972387, -9.301709], [13.954994, -9.296379], [13.935455, -9.291287], [13.901341, -9.282194], [13.884609, -9.276404], [13.868474, -9.269216], [13.854941, -9.261566], [13.845794, -9.25462], [13.840614, -9.247956], [13.839381, -9.244598], [13.838981, -9.241151], [13.839457, -9.237372], [13.840816, -9.234005], [13.845775, -9.228219], [13.853046, -9.223216], [13.861811, -9.218419], [13.871803, -9.213026], [13.881637, -9.206599], [13.889972, -9.198728], [13.893159, -9.194123], [13.895467, -9.189004], [13.898748, -9.182228], [13.903811, -9.175535], [13.910425, -9.168898], [13.918356, -9.162294], [13.937243, -9.149082], [13.958615, -9.135699], [13.992188, -9.113919], [14.005243, -9.103067], [14.008856, -9.098479], [14.00977, -9.094765], [14.0089, -9.093215], [14.004185, -9.089625], [13.992472, -9.084844], [13.970607, -9.079721], [13.938936, -9.075586], [13.904629, -9.073713], [13.903462, -9.073878], [13.903462, -9.073713], [13.855959, -9.074262], [13.806579, -9.077113], [13.707698, -9.086403], [13.658843, -9.09141], [13.615036, -9.094974], [13.577823, -9.096092], [13.562172, -9.09542], [13.548749, -9.09376], [13.534523, -9.089995], [13.523419, -9.084758], [13.514998, -9.078299], [13.50882, -9.070868], [13.504446, -9.062717], [13.501437, -9.054096], [13.497758, -9.036445], [13.494459, -9.020381], [13.491974, -9.012733], [13.488474, -9.005446], [13.483614, -8.998598], [13.477052, -8.992267], [13.468442, -8.986533], [13.45744, -8.981473], [13.43205, -8.971248], [13.411398, -8.961443], [13.394784, -8.951583], [13.381508, -8.941194], [13.370872, -8.929803], [13.362176, -8.916936], [13.354721, -8.902119], [13.347807, -8.884879], [13.344925, -8.879079], [13.340978, -8.874222], [13.335905, -8.870306], [13.329647, -8.867327], [13.318881, -8.864563], [13.307045, -8.863682], [13.294661, -8.864343], [13.282253, -8.866205], [13.259457, -8.872172], [13.242844, -8.878859], [13.242844, -8.879024], [13.241841, -8.880539], [13.240509, -8.880704], [13.240344, -8.880704], [13.239781, -8.884002], [13.240326, -8.889057], [13.243174, -8.902431], [13.24832, -8.927078], [13.250211, -8.942091], [13.250948, -8.958888], [13.250006, -8.977464], [13.246859, -8.997812], [13.240983, -9.019927], [13.231854, -9.043802], [13.225089, -9.060998], [13.220576, -9.076634], [13.217988, -9.090918], [13.217001, -9.10406], [13.217287, -9.11627], [13.218521, -9.127758], [13.222526, -9.149407], [13.226559, -9.171617], [13.227643, -9.183259], [13.22758, -9.19547], [13.225979, -9.208409], [13.222448, -9.222234], [13.216592, -9.237104], [13.208021, -9.253179], [13.198836, -9.267675], [13.190645, -9.278747], [13.183254, -9.286837], [13.176471, -9.292391], [13.1701, -9.295853], [13.16395, -9.297668], [13.157826, -9.298281], [13.151535, -9.298135], [13.143177, -9.298083], [13.138367, -9.299105], [13.132898, -9.301371], [13.126593, -9.305289], [13.119275, -9.311269], [13.110766, -9.319719], [13.100887, -9.331049], [13.063936, -9.378126], [13.034827, -9.418514], [13.014341, -9.449093], [13.003259, -9.466744], [13.00798, -9.481677], [13.011548, -9.496002], [13.013804, -9.509483], [13.014592, -9.521882], [13.015466, -9.532376], [13.017959, -9.544962], [13.021878, -9.559313], [13.027032, -9.575101], [13.040271, -9.609677], [13.056136, -9.646068], [13.073087, -9.681652], [13.089583, -9.713806], [13.104084, -9.739909], [13.11505, -9.757339], [13.120356, -9.767536], [13.125909, -9.783271], [13.131719, -9.804066], [13.137798, -9.829443], [13.15081, -9.892035], [13.165038, -9.967225], [13.177802, -10.034755], [13.183005, -10.059456], [13.187196, -10.075337], [13.1906, -10.083368], [13.196089, -10.09347], [13.212374, -10.118676], [13.234148, -10.148539], [13.259511, -10.18064], [13.28656, -10.21256], [13.313394, -10.241883], [13.338111, -10.266188], [13.349082, -10.275705], [13.35881, -10.28306], [13.380695, -10.282182], [13.396646, -10.282812], [13.414045, -10.284937], [13.431475, -10.289146], [13.439759, -10.292215], [13.447519, -10.296026], [13.454578, -10.300651], [13.460758, -10.306164], [13.465883, -10.312639], [13.469776, -10.320149], [13.47561, -10.33384], [13.483007, -10.34887], [13.491982, -10.36434], [13.502551, -10.379348], [13.514728, -10.392993], [13.521425, -10.399023], [13.52853, -10.404374], [13.536045, -10.408935], [13.543973, -10.412591], [13.552314, -10.415231], [13.561071, -10.416743], [13.574125, -10.418708], [13.585133, -10.421584], [13.603064, -10.42844], [13.617454, -10.434133], [13.625443, -10.436355], [13.634573, -10.437902], [13.645305, -10.438579], [13.658096, -10.438193], [13.673406, -10.43655], [13.691695, -10.433455], [13.718813, -10.429221], [13.74374, -10.427314], [13.766565, -10.427757], [13.787378, -10.430573], [13.80627, -10.435786], [13.823331, -10.443419], [13.83865, -10.453495], [13.852319, -10.466039], [13.861472, -10.474028], [13.871312, -10.479343], [13.881278, -10.481808], [13.886133, -10.481917], [13.890809, -10.481249], [13.898163, -10.478221], [13.904407, -10.472953], [13.909433, -10.465523], [13.913132, -10.456009], [13.916137, -10.447286], [13.92026, -10.437905], [13.92547, -10.428046], [13.931735, -10.41789], [13.939025, -10.407615], [13.94731, -10.397404], [13.956559, -10.387435], [13.96674, -10.377889], [13.977823, -10.368946], [13.989778, -10.360786], [14.002573, -10.353589], [14.016179, -10.347536], [14.030563, -10.342807], [14.045696, -10.339582], [14.061546, -10.33804], [14.078083, -10.338363], [14.108223, -10.340997], [14.134887, -10.344239], [14.158598, -10.348429], [14.17988, -10.353907], [14.199257, -10.361014], [14.21725, -10.370091], [14.234384, -10.381477], [14.251182, -10.395512], [14.258045, -10.402553], [14.264072, -10.410067], [14.274036, -10.426095], [14.281904, -10.442747], [14.288505, -10.459178], [14.296624, -10.478612], [14.300673, -10.486663], [14.30496, -10.493544], [14.309669, -10.499211], [14.314983, -10.503618], [14.321087, -10.50672], [14.328163, -10.508474], [14.352862, -10.51175], [14.378546, -10.513223], [14.390736, -10.512544], [14.401947, -10.510527], [14.411772, -10.506876], [14.419801, -10.501295]]]}}, {"type": "Feature", "properties": {"PROVINCIA": "Cuanza Norte", "SEDE": "Cazengo", "N_MUNIC": 17, "N_COMUNAS": 24, "ID": 6, "MUNICIPIOS": ["Cazengo", "Golungo Alto", "Cambambe", "Samba Cajú", "Ambaca", "Lucala", "Banga", "Bolongongo", "Quiculungo", "Ngonguembo", "Massangano", "Cêrca", "Tango", "Terreiro", "Aldeia Nova", "Caculo Cabaça", "Luinga"], "COMUNAS": ["Ndalatando", "Caculo Camuiza", "Golungo Alto", "Cambondo", "Quilombo quía Puto", "Dondo", "Dange ya Menha", "São Pedro da Quilemba", "Samba Cajú", "Samba Lucala", "Camabatela", "Máua", "Bindo", "Lucala", "Quiangombe", "Banga", "Cariamba", "Quilombo dos Dembos", "Camame", "Cavunga", "Massangano", "Zenza do Itombe", "Terreiro", "Quiquiemba"]}, "geometry": {"type": "Polygon", "coordinates": [[[15.708029, -8.503237], [15.714811, -8.490951], [15.718816, -8.480512], [15.72026, -8.472452], [15.719361, -8.467305], [15.709694, -8.446734], [15.704022, -8.431867], [15.698655, -8.41515], [15.694242, -8.397485], [15.691431, -8.379774], [15.690869, -8.362921], [15.691635, -8.355097], [15.693206, -8.347827], [15.684349, -8.318086], [15.673726, -8.286749], [15.662761, -8.259802], [15.657594, -8.249844], [15.652876, -8.243227], [15.647816, -8.235574], [15.644489, -8.226009], [15.640718, -8.203274], [15.636756, -8.179926], [15.633262, -8.170334], [15.630905, -8.166621], [15.628053, -8.163842], [15.625146, -8.162336], [15.621678, -8.161567], [15.613066, -8.162175], [15.59882, -8.165925], [15.583486, -8.171116], [15.550412, -8.184067], [15.522503, -8.195186], [15.49456, -8.20499], [15.480722, -8.20893], [15.467052, -8.211977], [15.453608, -8.213943], [15.440449, -8.21464], [15.419446, -8.215149], [15.382666, -8.215211], [15.363449, -8.21348], [15.343728, -8.209633], [15.323538, -8.202966], [15.313279, -8.198355], [15.302915, -8.192774], [15.292452, -8.186135], [15.281894, -8.178351], [15.271245, -8.169333], [15.26051, -8.158993], [15.238742, -8.137254], [15.221203, -8.120889], [15.207187, -8.109305], [15.195987, -8.10191], [15.186895, -8.098111], [15.179205, -8.097313], [15.172211, -8.098925], [15.165204, -8.102353], [15.153968, -8.109765], [15.140389, -8.120862], [15.125794, -8.135477], [15.111512, -8.153442], [15.104903, -8.163627], [15.09887, -8.174586], [15.093579, -8.186299], [15.089196, -8.198744], [15.085887, -8.211899], [15.083817, -8.225744], [15.083153, -8.240259], [15.084061, -8.255421], [15.085452, -8.273351], [15.085561, -8.290356], [15.084471, -8.306425], [15.082265, -8.321549], [15.079027, -8.335717], [15.074842, -8.34892], [15.069792, -8.361147], [15.063961, -8.37239], [15.057433, -8.382638], [15.050292, -8.391882], [15.042621, -8.400111], [15.034504, -8.407316], [15.026025, -8.413487], [15.017267, -8.418614], [15.008314, -8.422687], [14.99925, -8.425697], [14.987799, -8.42795], [14.974723, -8.429053], [14.960276, -8.429172], [14.94471, -8.428475], [14.911226, -8.425296], [14.876292, -8.420848], [14.827189, -8.415044], [14.807602, -8.414082], [14.800034, -8.414443], [14.794324, -8.415502], [14.781164, -8.419511], [14.75898, -8.426825], [14.750586, -8.431452], [14.747451, -8.434227], [14.745173, -8.437394], [14.743772, -8.441352], [14.743339, -8.445982], [14.743906, -8.451334], [14.745503, -8.457454], [14.749546, -8.467772], [14.754229, -8.474581], [14.760381, -8.479636], [14.768828, -8.484692], [14.779783, -8.491171], [14.793611, -8.500583], [14.810626, -8.514415], [14.831139, -8.534153], [14.840946, -8.545543], [14.849019, -8.557352], [14.855489, -8.5695], [14.860483, -8.581909], [14.864131, -8.5945], [14.866564, -8.607195], [14.86791, -8.619913], [14.868298, -8.632578], [14.866721, -8.657428], [14.862867, -8.681115], [14.857772, -8.703009], [14.852472, -8.722478], [14.848639, -8.736682], [14.840006, -8.76693], [14.829983, -8.79773], [14.816673, -8.833667], [14.800466, -8.870756], [14.791398, -8.888487], [14.78175, -8.905011], [14.771573, -8.91983], [14.760914, -8.932446], [14.749822, -8.942361], [14.744129, -8.946149], [14.738346, -8.949076], [14.72594, -8.953169], [14.708637, -8.95708], [14.661869, -8.964507], [14.603105, -8.971656], [14.537404, -8.978822], [14.416944, -8.992442], [14.370492, -8.999597], [14.353417, -9.003288], [14.341475, -9.007065], [14.330394, -9.012445], [14.320707, -9.018567], [14.304317, -9.031452], [14.288772, -9.043397], [14.280626, -9.047727], [14.271931, -9.050151], [14.262462, -9.050061], [14.251996, -9.046847], [14.240307, -9.039901], [14.227171, -9.028614], [14.214629, -9.01427], [14.205429, -9.000189], [14.198728, -8.986953], [14.193681, -8.975143], [14.187142, -8.960773], [14.183983, -8.956439], [14.180356, -8.953926], [14.175382, -8.953083], [14.168673, -8.95384], [14.160181, -8.956224], [14.149861, -8.960264], [14.10717, -8.980866], [14.055227, -9.008236], [13.99835, -9.038058], [13.953589, -9.059861], [13.979414, -9.063374], [14.00154, -9.068448], [14.010239, -9.071433], [14.017429, -9.074742], [14.023157, -9.078396], [14.027474, -9.082413], [14.030427, -9.086814], [14.032067, -9.091618], [14.031967, -9.098989], [14.029133, -9.10623], [14.023893, -9.113396], [14.016577, -9.120546], [14.007511, -9.127734], [13.997023, -9.135019], [13.973094, -9.150104], [13.938037, -9.172869], [13.924375, -9.184174], [13.919761, -9.189465], [13.917104, -9.194385], [13.913853, -9.201739], [13.909612, -9.208199], [13.904592, -9.213856], [13.899009, -9.218802], [13.886999, -9.22693], [13.875288, -9.23332], [13.866935, -9.237832], [13.861456, -9.241848], [13.865893, -9.24498], [13.881951, -9.254385], [13.896951, -9.260955], [13.912732, -9.266368], [13.945264, -9.275106], [13.982182, -9.285389], [13.99925, -9.292125], [14.014537, -9.30075], [14.021312, -9.305964], [14.027402, -9.311882], [14.032726, -9.318581], [14.037205, -9.326139], [14.040758, -9.334634], [14.043305, -9.344141], [14.044767, -9.35474], [14.045062, -9.366507], [14.04385, -9.38169], [14.041243, -9.396076], [14.037468, -9.409729], [14.032754, -9.422715], [14.021422, -9.446942], [14.009072, -9.469273], [13.996038, -9.493069], [13.990591, -9.50468], [13.986253, -9.516272], [13.98332, -9.527973], [13.98209, -9.539913], [13.98286, -9.552221], [13.985924, -9.565027], [13.991023, -9.584827], [13.993642, -9.603609], [13.994606, -9.621354], [13.994744, -9.638048], [13.99538, -9.664054], [13.996924, -9.676201], [13.999952, -9.687896], [14.004964, -9.69923], [14.01246, -9.710293], [14.022939, -9.721176], [14.036902, -9.731968], [14.049667, -9.739634], [14.063822, -9.746418], [14.079149, -9.752442], [14.095428, -9.757827], [14.129969, -9.767166], [14.165698, -9.775409], [14.207685, -9.785201], [14.226656, -9.790467], [14.243815, -9.796304], [14.25881, -9.802955], [14.271293, -9.810665], [14.276484, -9.814992], [14.280915, -9.819675], [14.284543, -9.824744], [14.287324, -9.830229], [14.291856, -9.838539], [14.297528, -9.844134], [14.304262, -9.847341], [14.31198, -9.848483], [14.320605, -9.847886], [14.330057, -9.845874], [14.351132, -9.83891], [14.365311, -9.83403], [14.371066, -9.832854], [14.37612, -9.832902], [14.405448, -9.837408], [14.405943, -9.837408], [14.408758, -9.837492], [14.41145, -9.838579], [14.445398, -9.839754], [14.509853, -9.839584], [14.66186, -9.837077], [14.671509, -9.836242], [14.695166, -9.832525], [14.710125, -9.829018], [14.726038, -9.824109], [14.742056, -9.817571], [14.757331, -9.809177], [14.764555, -9.802995], [14.769103, -9.795827], [14.771931, -9.787811], [14.773993, -9.779088], [14.776686, -9.768495], [14.780502, -9.759086], [14.786178, -9.751135], [14.789942, -9.747791], [14.794446, -9.744914], [14.799782, -9.742539], [14.806041, -9.740699], [14.821698, -9.738763], [14.84215, -9.739381], [14.868132, -9.742825], [14.894298, -9.748123], [14.91554, -9.754069], [14.93257, -9.760586], [14.946105, -9.767602], [14.95686, -9.775041], [14.96555, -9.782827], [14.979593, -9.799147], [14.994344, -9.816023], [15.003872, -9.824239], [15.016091, -9.832393], [15.023088, -9.830026], [15.032227, -9.825588], [15.041461, -9.81858], [15.045474, -9.813956], [15.048743, -9.808502], [15.05078, -9.80288], [15.051894, -9.796795], [15.052081, -9.790256], [15.051342, -9.78327], [15.049673, -9.775846], [15.047073, -9.767992], [15.039073, -9.751022], [15.021573, -9.716591], [15.014981, -9.701259], [15.009711, -9.68712], [15.005675, -9.674124], [15.002784, -9.662224], [15.000953, -9.651371], [15.000091, -9.641519], [15.000112, -9.632619], [15.000927, -9.624622], [15.00245, -9.617482], [15.004591, -9.61115], [15.010379, -9.600716], [15.017588, -9.592939], [15.024524, -9.58493], [15.030495, -9.573985], [15.035178, -9.560928], [15.038248, -9.546585], [15.039382, -9.53178], [15.038254, -9.517336], [15.036741, -9.510508], [15.034541, -9.504079], [15.031613, -9.498153], [15.027918, -9.492833], [15.023319, -9.485551], [15.021519, -9.479069], [15.021751, -9.473497], [15.023248, -9.468942], [15.025463, -9.465359], [15.02861, -9.462003], [15.03769, -9.455977], [15.050471, -9.450866], [15.06694, -9.446676], [15.087079, -9.44341], [15.110874, -9.441072], [15.138308, -9.439666], [15.169367, -9.439197], [15.265669, -9.438256], [15.306667, -9.436023], [15.321306, -9.434157], [15.330486, -9.431674], [15.328811, -9.421823], [15.324236, -9.390932], [15.322399, -9.372647], [15.321566, -9.353664], [15.322263, -9.334876], [15.325018, -9.317179], [15.327332, -9.309019], [15.330358, -9.301467], [15.334163, -9.294636], [15.338811, -9.288636], [15.346409, -9.282157], [15.355207, -9.277795], [15.365223, -9.275595], [15.376476, -9.275602], [15.392047, -9.27756], [15.404249, -9.27997], [15.421286, -9.284958], [15.431983, -9.287541], [15.437514, -9.287182], [15.444364, -9.285206], [15.453432, -9.281225], [15.465616, -9.274852], [15.502925, -9.253379], [15.514233, -9.246156], [15.524046, -9.23874], [15.532464, -9.231169], [15.53959, -9.223483], [15.545525, -9.215718], [15.55037, -9.207913], [15.554228, -9.200106], [15.557199, -9.192335], [15.560887, -9.177056], [15.562248, -9.162381], [15.561237, -9.136064], [15.560548, -9.125465], [15.560682, -9.11645], [15.562344, -9.108973], [15.566238, -9.102984], [15.567832, -9.098807], [15.569423, -9.091656], [15.572558, -9.069517], [15.578422, -9.001444], [15.583318, -8.916043], [15.586733, -8.83059], [15.562894, -8.809802], [15.530749, -8.780084], [15.515016, -8.764374], [15.501354, -8.749428], [15.491143, -8.736246], [15.487764, -8.730628], [15.485767, -8.725825], [15.485254, -8.721982], [15.48565, -8.717531], [15.488798, -8.707142], [15.494461, -8.695336], [15.501889, -8.68279], [15.519041, -8.658187], [15.534257, -8.638753], [15.551381, -8.618922], [15.56462, -8.604693], [15.579799, -8.589627], [15.596032, -8.575249], [15.612436, -8.563089], [15.620425, -8.558317], [15.628125, -8.554672], [15.635425, -8.552345], [15.642216, -8.551527], [15.644221, -8.551692], [15.6521, -8.551008], [15.660467, -8.548163], [15.669094, -8.543469], [15.677748, -8.53724], [15.686199, -8.529789], [15.694217, -8.521429], [15.70157, -8.512474], [15.708029, -8.503237]]]}}, {"type": "Feature", "properties": {"PROVINCIA": "Uíge", "SEDE": "Uíge", "N_MUNIC": 23, "N_COMUNAS": 44, "ID": 20, "MUNICIPIOS": ["Dange Quitexe", "Bungo", "Ambuíla", "Negage", "Puri", "Maquela do Zombo", "Damba", "Sanza Pombo", "Bembe", "Milunga", "Songo", "Quimbele", "Cangola", "Uíge", "Mucaba", "Nova Esperança", "Sacandica", "Nsosso", "Lucunga", "Quipedro", "Massau", "Vista Alegre", "Alto Zaza"], "COMUNAS": ["Quitexe", "Aldeia Viçosa", "Negage", "Dimuca", "Quisseque", "Maquela do Zombo", "Quibocolo", "Damba", "Petecusso", "Camatambo", "Lêmboa", "Sanza Pombo", "Uamba", "Cuilo Pombo", "Alfândega", "Bembe", "Mabaia", "Milunga", "Macocola", "Songo", "Quivuenga", "Quimbele", "Icoca", "Cangola", "Bengo", "Caiongo", "Uíge", "Luanga", "Casseche", "Cancungo", "Mucaba", "Uando Mucaba", "Nova Esperança", "Buenga - Sul", "Cuilo Camboso", "Sacandica", "Cuilo Futa", "Béu", "Massau", "Macolo", "Vista Alegre", "Cambamba", "Alto Zaza", "Cuango Calumbo"]}, "geometry": {"type": "Polygon", "coordinates": [[[17.015256, -7.518092], [16.992534, -7.496243], [16.969797, -7.476583], [16.947508, -7.459138], [16.926136, -7.443939], [16.906147, -7.431011], [16.888006, -7.420382], [16.872181, -7.412082], [16.859137, -7.406136], [16.85463, -7.403623], [16.850521, -7.400037], [16.846777, -7.395385], [16.843368, -7.389671], [16.837425, -7.375075], [16.832439, -7.35629], [16.828156, -7.333353], [16.824323, -7.306303], [16.816991, -7.240022], [16.806978, -7.149943], [16.800231, -7.105039], [16.791622, -7.062416], [16.786454, -7.042473], [16.780622, -7.023717], [16.774062, -7.006352], [16.766707, -6.990585], [16.75849, -6.97662], [16.749348, -6.964663], [16.739212, -6.954919], [16.728018, -6.947594], [16.718063, -6.941012], [16.708617, -6.931841], [16.699668, -6.920249], [16.691203, -6.906403], [16.683208, -6.890469], [16.675671, -6.872615], [16.668578, -6.853007], [16.661915, -6.831813], [16.649831, -6.785333], [16.639313, -6.734511], [16.630255, -6.680683], [16.622552, -6.625184], [16.616099, -6.56935], [16.61079, -6.514516], [16.603183, -6.413196], [16.598889, -6.331909], [16.597065, -6.281342], [16.582291, -6.282978], [16.567987, -6.281652], [16.554184, -6.277413], [16.540909, -6.270307], [16.527904, -6.259886], [16.516033, -6.246921], [16.505251, -6.23179], [16.495508, -6.214871], [16.486757, -6.196542], [16.47895, -6.177181], [16.472039, -6.157166], [16.465976, -6.136875], [16.456205, -6.096976], [16.449254, -6.060507], [16.442278, -6.009954], [14.650351, -6.03135], [14.674418, -6.063561], [14.704937, -6.107677], [14.720415, -6.132025], [14.734864, -6.156742], [14.747404, -6.180958], [14.757154, -6.203803], [14.76602, -6.225049], [14.777088, -6.248173], [14.802637, -6.297049], [14.82707, -6.343872], [14.836719, -6.363853], [14.844413, -6.381624], [14.849966, -6.39724], [14.853197, -6.41076], [14.85392, -6.42224], [14.853284, -6.427233], [14.851952, -6.431737], [14.849146, -6.43742], [14.845532, -6.442741], [14.836208, -6.4526], [14.824635, -6.461927], [14.81147, -6.471334], [14.792014, -6.485428], [14.782014, -6.493536], [14.772151, -6.502591], [14.762663, -6.512774], [14.753788, -6.524265], [14.745763, -6.537244], [14.738829, -6.55189], [14.718164, -6.60538], [14.705999, -6.641458], [14.690668, -6.686745], [14.687831, -6.692494], [14.683653, -6.697921], [14.678168, -6.703054], [14.671409, -6.707923], [14.654206, -6.716985], [14.632313, -6.725342], [14.605999, -6.73323], [14.575535, -6.740881], [14.503229, -6.756418], [14.465284, -6.76438], [14.430444, -6.772446], [14.402508, -6.780603], [14.392315, -6.784711], [14.385271, -6.788837], [14.377651, -6.79594], [14.372279, -6.803149], [14.365283, -6.817577], [14.361674, -6.825537], [14.357518, -6.832548], [14.352313, -6.838509], [14.345556, -6.843318], [14.336745, -6.846873], [14.32538, -6.849073], [14.310956, -6.849817], [14.292973, -6.849002], [14.265902, -6.847116], [14.243464, -6.846627], [14.224775, -6.847775], [14.208953, -6.850798], [14.195116, -6.855937], [14.182379, -6.863431], [14.16986, -6.873517], [14.156676, -6.886436], [14.135797, -6.90928], [14.117586, -6.93109], [14.085863, -6.97249], [14.065711, -6.999232], [14.055216, -7.013767], [14.048285, -7.022835], [14.04511, -7.025819], [14.04167, -7.028032], [14.032621, -7.030943], [14.018388, -7.033152], [13.979073, -7.038994], [13.957997, -7.041675], [13.941206, -7.042022], [13.927853, -7.040897], [13.917092, -7.03916], [13.905537, -7.037777], [13.900531, -7.038258], [13.895513, -7.039982], [13.890089, -7.043297], [13.883864, -7.048548], [13.867434, -7.066245], [13.850393, -7.085459], [13.835476, -7.100097], [13.8217, -7.110877], [13.80808, -7.11852], [13.793632, -7.123742], [13.777372, -7.127263], [13.735478, -7.132075], [13.730655, -7.132584], [13.65713, -7.140728], [13.613852, -7.14661], [13.613035, -7.155119], [13.613193, -7.166523], [13.615237, -7.179939], [13.620078, -7.194487], [13.623833, -7.20191], [13.62863, -7.209286], [13.634582, -7.216504], [13.641804, -7.223454], [13.65041, -7.230026], [13.660513, -7.23611], [13.672227, -7.241596], [13.685668, -7.246373], [13.700325, -7.250892], [13.733855, -7.261259], [13.757515, -7.269919], [13.766131, -7.274132], [13.772866, -7.278547], [13.777913, -7.283374], [13.781468, -7.288821], [13.783225, -7.29351], [13.78405, -7.298466], [13.78324, -7.309439], [13.779711, -7.322262], [13.774133, -7.337455], [13.770732, -7.345116], [13.766724, -7.352223], [13.757331, -7.365001], [13.746843, -7.376244], [13.73615, -7.386408], [13.720475, -7.401782], [13.714098, -7.409591], [13.709112, -7.417873], [13.705829, -7.426922], [13.704561, -7.437031], [13.705622, -7.448494], [13.709323, -7.461605], [13.714599, -7.473804], [13.72127, -7.485702], [13.72909, -7.497298], [13.737811, -7.508589], [13.756977, -7.530253], [13.776798, -7.550676], [13.796537, -7.570946], [13.804885, -7.58037], [13.81187, -7.589381], [13.817231, -7.598024], [13.820705, -7.606344], [13.822031, -7.614386], [13.820949, -7.622195], [13.817351, -7.629432], [13.811502, -7.636265], [13.803698, -7.642765], [13.794232, -7.648999], [13.771494, -7.660948], [13.745643, -7.672662], [13.725045, -7.681918], [13.705822, -7.691404], [13.690722, -7.700796], [13.685577, -7.705353], [13.682495, -7.709765], [13.679672, -7.717344], [13.67763, -7.725161], [13.675455, -7.740699], [13.675092, -7.754764], [13.675667, -7.765743], [13.726645, -7.763235], [13.827687, -7.758413], [13.899159, -7.756114], [13.92464, -7.756092], [13.94373, -7.756917], [13.956763, -7.758663], [13.964072, -7.761403], [13.967898, -7.765049], [13.972302, -7.771423], [13.985405, -7.794979], [13.999821, -7.821365], [14.017765, -7.85193], [14.039328, -7.884476], [14.051496, -7.900805], [14.064604, -7.916806], [14.078662, -7.932204], [14.093682, -7.946724], [14.109677, -7.960091], [14.126657, -7.972031], [14.144633, -7.98227], [14.163618, -7.990532], [14.183623, -7.996543], [14.204659, -8.000029], [14.235222, -8.004283], [14.259265, -8.010063], [14.277678, -8.017045], [14.291345, -8.024906], [14.301154, -8.033323], [14.307992, -8.041973], [14.312744, -8.050533], [14.316298, -8.05868], [14.320331, -8.067303], [14.32278, -8.070537], [14.325959, -8.073029], [14.3302, -8.074762], [14.335836, -8.075718], [14.352618, -8.075226], [14.363913, -8.073344], [14.374952, -8.070207], [14.385757, -8.066002], [14.396351, -8.060914], [14.417001, -8.048833], [14.437086, -8.035451], [14.467194, -8.01604], [14.482614, -8.007951], [14.498363, -8.001863], [14.506379, -7.999787], [14.514501, -7.998471], [14.522736, -7.998002], [14.531092, -7.998467], [14.539577, -7.999952], [14.548199, -8.002544], [14.556964, -8.006329], [14.565882, -8.011395], [14.575929, -8.018615], [14.584457, -8.026443], [14.591572, -8.034813], [14.597382, -8.043656], [14.601991, -8.052903], [14.605507, -8.062486], [14.608035, -8.072337], [14.609682, -8.082387], [14.610756, -8.102815], [14.609579, -8.123222], [14.603865, -8.16179], [14.600223, -8.184995], [14.599393, -8.194615], [14.599703, -8.202558], [14.599665, -8.210524], [14.597623, -8.217362], [14.593872, -8.223226], [14.588703, -8.228269], [14.58241, -8.232646], [14.575286, -8.236512], [14.559715, -8.243326], [14.539604, -8.252356], [14.529838, -8.257768], [14.520682, -8.264157], [14.512448, -8.271807], [14.505449, -8.281002], [14.499996, -8.292024], [14.496402, -8.305159], [14.494683, -8.31803], [14.494272, -8.32888], [14.494977, -8.337991], [14.496608, -8.345644], [14.498973, -8.352122], [14.501881, -8.357707], [14.508559, -8.367323], [14.514877, -8.376328], [14.5201, -8.387087], [14.521842, -8.393496], [14.522759, -8.400791], [14.52267, -8.409119], [14.521389, -8.41863], [14.518252, -8.429411], [14.513309, -8.439695], [14.506893, -8.449489], [14.499338, -8.458798], [14.482148, -8.475991], [14.464409, -8.49132], [14.451316, -8.502658], [14.442086, -8.512373], [14.442759, -8.512704], [14.450253, -8.514222], [14.462281, -8.515288], [14.497547, -8.516178], [14.543776, -8.515609], [14.596184, -8.513812], [14.649991, -8.511021], [14.700413, -8.507468], [14.742669, -8.503386], [14.771977, -8.499008], [14.755799, -8.487327], [14.742991, -8.479789], [14.733204, -8.473859], [14.724931, -8.467049], [14.72129, -8.462708], [14.717941, -8.457417], [14.714854, -8.450934], [14.712001, -8.443017], [14.709815, -8.433575], [14.709252, -8.424994], [14.710315, -8.417196], [14.713004, -8.410102], [14.716564, -8.404835], [14.72103, -8.400364], [14.726262, -8.39658], [14.732119, -8.39337], [14.745144, -8.388225], [14.758982, -8.384035], [14.771812, -8.380191], [14.77862, -8.378686], [14.786957, -8.377983], [14.807634, -8.378564], [14.86095, -8.384697], [14.893694, -8.388967], [14.925846, -8.39214], [14.954624, -8.392931], [14.966878, -8.392032], [14.977246, -8.390056], [14.985092, -8.387444], [14.992834, -8.383876], [15.0004, -8.37936], [15.007718, -8.373904], [15.014716, -8.367514], [15.02132, -8.360199], [15.027461, -8.351965], [15.033064, -8.342822], [15.038057, -8.332775], [15.042369, -8.321834], [15.045928, -8.310005], [15.04866, -8.297297], [15.050495, -8.283716], [15.051359, -8.26927], [15.05118, -8.253967], [15.049886, -8.237815], [15.048886, -8.221592], [15.049469, -8.206025], [15.051484, -8.191133], [15.054781, -8.176937], [15.05921, -8.163458], [15.064619, -8.150717], [15.070858, -8.138733], [15.077777, -8.127528], [15.085225, -8.117121], [15.093052, -8.107535], [15.109239, -8.090903], [15.125134, -8.077796], [15.139532, -8.068379], [15.151238, -8.063111], [15.156892, -8.061687], [15.162513, -8.061101], [15.168178, -8.061376], [15.173961, -8.062536], [15.186181, -8.067599], [15.199776, -8.076477], [15.215348, -8.089356], [15.233497, -8.106421], [15.254826, -8.127857], [15.264615, -8.137285], [15.274303, -8.145506], [15.283893, -8.152599], [15.293389, -8.158646], [15.312115, -8.167923], [15.330512, -8.173985], [15.348612, -8.177477], [15.366446, -8.179046], [15.401439, -8.178998], [15.422937, -8.178489], [15.434927, -8.177822], [15.447353, -8.175942], [15.473192, -8.16926], [15.499811, -8.159883], [15.526568, -8.149253], [15.560875, -8.135753], [15.576924, -8.1304], [15.592051, -8.126521], [15.600177, -8.125391], [15.607568, -8.125752], [15.614241, -8.127586], [15.620211, -8.130874], [15.625002, -8.135109], [15.628852, -8.140216], [15.631895, -8.146059], [15.634265, -8.152507], [15.637524, -8.16668], [15.639704, -8.181671], [15.642491, -8.199656], [15.644621, -8.207124], [15.647534, -8.212257], [15.653024, -8.219681], [15.658654, -8.229936], [15.669774, -8.25597], [15.679771, -8.284416], [15.687522, -8.309334], [15.691942, -8.306425], [15.697268, -8.304096], [15.703594, -8.30255], [15.711012, -8.30199], [15.723174, -8.30285], [15.733889, -8.305238], [15.743302, -8.308864], [15.751562, -8.313437], [15.758813, -8.318669], [15.765203, -8.324269], [15.775988, -8.335414], [15.783926, -8.343898], [15.790236, -8.348922], [15.793133, -8.350189], [15.796047, -8.350657], [15.802485, -8.349275], [15.807561, -8.346048], [15.811231, -8.340986], [15.814151, -8.333885], [15.816978, -8.324544], [15.823686, -8.30433], [15.828988, -8.293737], [15.836426, -8.283251], [15.846629, -8.273196], [15.860226, -8.263896], [15.877845, -8.255672], [15.900114, -8.24885], [15.987919, -8.22762], [15.959655, -8.131924], [15.940548, -8.061667], [15.92163, -7.985172], [15.913065, -7.946625], [15.905533, -7.908967], [15.899363, -7.873013], [15.894884, -7.839579], [15.892426, -7.809482], [15.892316, -7.783536], [15.893244, -7.772375], [15.894883, -7.762558], [15.897273, -7.754187], [15.900456, -7.747364], [15.904559, -7.741951], [15.908911, -7.738296], [15.913202, -7.736085], [15.917119, -7.735005], [15.999087, -7.720291], [16.068476, -7.707965], [16.094396, -7.702709], [16.107883, -7.698895], [16.123741, -7.689701], [16.140454, -7.67873], [16.160761, -7.663807], [16.182966, -7.645155], [16.205372, -7.622997], [16.216121, -7.610673], [16.226283, -7.597556], [16.235647, -7.583674], [16.244002, -7.569056], [16.25001, -7.558927], [16.256917, -7.549748], [16.264632, -7.541461], [16.273065, -7.534009], [16.282125, -7.527335], [16.291723, -7.521381], [16.312172, -7.511404], [16.33369, -7.50362], [16.355557, -7.497571], [16.397455, -7.488843], [16.426718, -7.482745], [16.438153, -7.479445], [16.446606, -7.475644], [16.450034, -7.474141], [16.453808, -7.47339], [16.462266, -7.474142], [16.467451, -7.476046], [16.47314, -7.479048], [16.485874, -7.488086], [16.500162, -7.500727], [16.515697, -7.516443], [16.532171, -7.534704], [16.549279, -7.554983], [16.584168, -7.599476], [16.617909, -7.645692], [16.648047, -7.689401], [16.672129, -7.726373], [16.6877, -7.752378], [16.696157, -7.766563], [16.703879, -7.776897], [16.711009, -7.783535], [16.717688, -7.78663], [16.722125, -7.786928], [16.726969, -7.786006], [16.738075, -7.780886], [16.751399, -7.772038], [16.767333, -7.760232], [16.795494, -7.739676], [16.807581, -7.72978], [16.818897, -7.717881], [16.829513, -7.70434], [16.839503, -7.689521], [16.857889, -7.657495], [16.874632, -7.624703], [16.889856, -7.595016], [16.904794, -7.569436], [16.912402, -7.558802], [16.920232, -7.549934], [16.928384, -7.543079], [16.936955, -7.538483], [16.958933, -7.530971], [16.980227, -7.525152], [17.015256, -7.518092]]]}}, {"type": "Feature", "properties": {"PROVINCIA": "Bengo", "SEDE": "Dande", "N_MUNIC": 12, "N_COMUNAS": 19, "ID": 1, "MUNICIPIOS": ["Dande", "Quibaxe", "Muxaluando", "Bula Atumba", "Ambriz", "Pango Aluquém", "Barra do Dande", "Piri", "Quicunzo", "Nambuangongo", "Úcua", "Panguila"], "COMUNAS": ["Caxito", "Mabubas", "Quicabo", "Quibaxe", "Paredes", "Coxe", "Muxaluando", "Quixico", "Cage Mazumbo", "Bula Atumba", "Quiage", "Ambriz", "Bela Vista", "Tabi", "Pango Aluquém", "Cazuangongo", "Gombe", "Canacassala", "Zala"]}, "geometry": {"type": "Polygon", "coordinates": [[[14.807814, -8.703156], [14.81748, -8.664746], [14.821137, -8.642849], [14.822771, -8.619978], [14.822539, -8.608369], [14.821453, -8.596746], [14.819396, -8.585187], [14.816253, -8.573769], [14.811907, -8.562567], [14.806242, -8.55166], [14.799142, -8.541123], [14.790491, -8.531034], [14.775821, -8.516664], [14.75871, -8.520569], [14.731874, -8.524316], [14.697568, -8.527794], [14.658048, -8.530889], [14.572385, -8.535488], [14.492924, -8.53722], [14.450265, -8.536259], [14.435467, -8.534965], [14.426108, -8.533045], [14.420549, -8.530336], [14.416881, -8.527192], [14.414742, -8.523926], [14.413773, -8.520851], [14.413674, -8.516569], [14.414812, -8.51232], [14.417097, -8.508028], [14.42044, -8.503616], [14.42994, -8.494127], [14.442593, -8.48324], [14.458746, -8.469216], [14.474316, -8.453857], [14.481118, -8.445752], [14.486855, -8.437401], [14.491222, -8.428835], [14.493914, -8.420083], [14.49512, -8.40724], [14.493436, -8.397578], [14.489532, -8.389643], [14.484079, -8.381975], [14.476257, -8.370693], [14.472686, -8.363878], [14.469697, -8.355903], [14.467559, -8.346488], [14.466539, -8.335351], [14.466906, -8.322208], [14.468926, -8.306778], [14.470819, -8.298333], [14.473338, -8.290582], [14.480023, -8.276998], [14.488521, -8.265709], [14.49837, -8.256398], [14.509109, -8.248748], [14.520278, -8.24244], [14.542062, -8.232586], [14.556264, -8.226372], [14.565791, -8.220971], [14.568885, -8.218322], [14.57091, -8.215571], [14.571898, -8.212617], [14.571884, -8.209357], [14.571512, -8.19976], [14.57239, -8.188847], [14.576389, -8.163574], [14.581721, -8.127739], [14.582915, -8.109355], [14.582179, -8.091236], [14.580866, -8.08241], [14.578804, -8.073814], [14.575904, -8.065499], [14.572078, -8.057521], [14.567236, -8.049934], [14.56129, -8.042792], [14.55415, -8.036148], [14.545729, -8.030056], [14.538541, -8.025963], [14.531463, -8.022913], [14.52448, -8.020844], [14.517575, -8.01969], [14.510734, -8.019389], [14.503941, -8.019874], [14.490438, -8.022952], [14.476943, -8.028412], [14.463332, -8.035739], [14.435271, -8.053947], [14.413893, -8.068101], [14.391718, -8.080937], [14.380202, -8.086372], [14.368328, -8.09089], [14.356046, -8.094297], [14.343303, -8.096395], [14.330498, -8.097144], [14.320109, -8.09647], [14.311803, -8.094498], [14.305245, -8.091358], [14.300101, -8.087176], [14.296037, -8.08208], [14.289812, -8.069653], [14.286781, -8.062773], [14.282756, -8.055691], [14.276918, -8.04863], [14.268447, -8.041809], [14.256524, -8.035451], [14.240328, -8.029777], [14.219041, -8.025007], [14.191841, -8.021363], [14.169222, -8.017642], [14.147771, -8.011307], [14.127469, -8.002644], [14.108298, -7.991935], [14.090238, -7.979466], [14.073271, -7.965522], [14.057379, -7.950386], [14.042542, -7.934343], [14.028742, -7.917677], [14.015959, -7.900673], [13.993373, -7.866787], [13.974634, -7.83496], [13.959592, -7.807468], [13.949798, -7.789626], [13.943259, -7.779555], [13.933733, -7.777894], [13.915791, -7.777192], [13.860721, -7.778053], [13.716327, -7.78457], [13.6375, -7.788453], [13.567543, -7.791086], [13.537395, -7.793109], [13.512421, -7.797233], [13.49186, -7.803178], [13.47495, -7.810664], [13.46093, -7.819411], [13.449038, -7.829138], [13.428595, -7.850412], [13.413515, -7.86664], [13.405166, -7.874497], [13.395942, -7.88199], [13.38689, -7.887965], [13.378076, -7.892588], [13.369464, -7.895935], [13.361015, -7.89808], [13.35269, -7.899098], [13.344453, -7.899063], [13.336264, -7.89805], [13.328086, -7.896135], [13.31161, -7.889893], [13.294719, -7.880934], [13.258478, -7.85726], [13.249988, -7.851418], [13.241117, -7.845914], [13.232222, -7.841442], [13.223266, -7.838012], [13.214211, -7.835632], [13.205016, -7.834314], [13.195645, -7.834065], [13.186058, -7.834895], [13.176217, -7.836815], [13.166083, -7.839834], [13.155617, -7.843961], [13.144781, -7.849205], [13.133537, -7.855577], [13.109669, -7.871741], [13.083704, -7.892529], [13.073308, -7.900606], [13.062433, -7.907592], [13.05118, -7.913558], [13.039652, -7.918577], [13.027951, -7.922721], [13.01618, -7.926062], [12.992835, -7.930621], [12.970436, -7.932831], [12.9498, -7.933267], [12.931745, -7.932505], [12.91709, -7.931121], [12.990808, -8.082378], [13.052622, -8.211412], [13.102704, -8.319156], [13.141227, -8.406541], [13.156208, -8.44289], [13.168364, -8.474499], [13.177715, -8.501485], [13.184285, -8.523964], [13.188094, -8.542052], [13.189164, -8.555867], [13.188679, -8.561208], [13.187516, -8.565524], [13.18568, -8.56883], [13.183173, -8.57114], [13.179237, -8.57431], [13.176158, -8.578325], [13.173921, -8.583218], [13.172513, -8.589023], [13.171934, -8.598011], [13.172722, -8.60794], [13.174728, -8.618638], [13.177799, -8.629936], [13.186531, -8.653643], [13.197708, -8.677693], [13.21012, -8.700717], [13.222555, -8.721346], [13.233803, -8.738211], [13.242653, -8.749944], [13.245636, -8.754265], [13.247874, -8.759041], [13.250337, -8.769726], [13.250484, -8.781539], [13.248759, -8.794019], [13.245604, -8.806702], [13.241463, -8.819127], [13.231993, -8.841357], [13.250635, -8.836256], [13.271435, -8.832893], [13.282107, -8.83229], [13.292673, -8.832634], [13.302919, -8.834093], [13.312629, -8.836839], [13.322089, -8.841473], [13.329939, -8.847596], [13.336132, -8.855191], [13.340624, -8.864243], [13.346476, -8.879223], [13.352679, -8.89213], [13.360002, -8.903412], [13.369217, -8.913518], [13.381096, -8.922895], [13.396409, -8.931992], [13.415927, -8.941256], [13.440422, -8.951137], [13.454447, -8.957606], [13.46544, -8.965078], [13.473822, -8.973337], [13.48001, -8.982165], [13.484426, -8.991345], [13.487489, -9.00066], [13.491235, -9.018825], [13.494379, -9.034141], [13.496665, -9.040814], [13.499882, -9.046767], [13.504372, -9.051952], [13.510475, -9.056323], [13.518533, -9.059832], [13.528888, -9.062432], [13.541444, -9.063979], [13.556347, -9.064572], [13.592331, -9.063394], [13.635126, -9.059899], [13.683014, -9.055088], [13.782564, -9.045724], [13.832448, -9.042864], [13.880619, -9.042385], [13.889682, -9.040759], [13.902525, -9.036335], [13.936679, -9.021054], [13.977334, -9.000478], [14.018742, -8.978541], [14.071202, -8.951058], [14.114543, -8.930085], [14.12827, -8.924812], [14.139904, -8.922001], [14.149727, -8.921603], [14.158021, -8.923568], [14.162201, -8.925753], [14.165801, -8.928509], [14.171625, -8.935518], [14.176231, -8.944157], [14.180356, -8.953988], [14.185084, -8.965046], [14.19108, -8.976939], [14.199169, -8.989301], [14.210179, -9.00177], [14.219264, -9.009985], [14.227011, -9.015387], [14.233771, -9.018247], [14.239892, -9.018838], [14.245725, -9.017431], [14.251619, -9.014299], [14.264989, -9.003946], [14.282796, -8.989826], [14.293784, -8.982892], [14.306475, -8.976708], [14.319032, -8.972667], [14.336416, -8.968797], [14.38316, -8.961437], [14.441712, -8.954359], [14.507074, -8.947293], [14.627937, -8.933528], [14.674393, -8.926355], [14.691387, -8.922662], [14.70318, -8.918884], [14.711041, -8.914344], [14.718906, -8.907535], [14.726731, -8.898712], [14.734469, -8.888133], [14.742075, -8.876056], [14.749504, -8.862735], [14.763646, -8.833394], [14.77653, -8.802165], [14.78779, -8.771102], [14.797063, -8.742259], [14.803981, -8.717691], [14.807814, -8.703156]]]}}, {"type": "Feature", "properties": {"PROVINCIA": "Cabinda", "SEDE": "Cabinda", "N_MUNIC": 10, "N_COMUNAS": 8, "ID": 4, "MUNICIPIOS": ["Cabinda", "Cacongo", "Buco Zau", "Belize", "Miconje", "Massabi", "Necuto", "Tando Zinze", "Liambo", "Ngoio"], "COMUNAS": ["Lândana", "Dinge", "Belize", "Luali", "Necuto", "Inhuca", "Tando Zinze", "Malembo"]}, "geometry": {"type": "Polygon", "coordinates": [[[11.885397, -5.57053], [11.88105, -5.571039], [11.875656, -5.573114], [11.869453, -5.576641], [11.86268, -5.581505], [11.848379, -5.594782], [11.841329, -5.602967], [11.834663, -5.612029], [11.828621, -5.621853], [11.823441, -5.632324], [11.819363, -5.643328], [11.816625, -5.65475], [11.815466, -5.666474], [11.816124, -5.678387], [11.818838, -5.690373], [11.823847, -5.702317], [11.829147, -5.713421], [11.832791, -5.723038], [11.836431, -5.738264], [11.83742, -5.748915], [11.838408, -5.75591], [11.83973, -5.758324], [11.842047, -5.760168], [11.845688, -5.761558], [11.850986, -5.762609], [11.895371, -5.765715], [11.98475, -5.77111], [12.093929, -5.77635], [12.14459, -5.777298], [12.186578, -5.776272], [12.2029, -5.774817], [12.21535, -5.772626], [12.223361, -5.769619], [12.225525, -5.767785], [12.226366, -5.765715], [12.232819, -5.42665], [12.238015, -5.105102], [12.268993, -5.080076], [12.29906, -5.054423], [12.331151, -5.025017], [12.411828, -4.949328], [12.448578, -4.914529], [12.467549, -4.894898], [12.483219, -4.868079], [12.496463, -4.845784], [12.511833, -4.82171], [12.528216, -4.798964], [12.53644, -4.78906], [12.544501, -4.780655], [12.55226, -4.774135], [12.559578, -4.769891], [12.566316, -4.76831], [12.569424, -4.768639], [12.572335, -4.769781], [12.579069, -4.772226], [12.587849, -4.773386], [12.598384, -4.773382], [12.610381, -4.772337], [12.637591, -4.767613], [12.667141, -4.76019], [12.696691, -4.751047], [12.723903, -4.74116], [12.746438, -4.731508], [12.761957, -4.723069], [12.77241, -4.714887], [12.781342, -4.705766], [12.788793, -4.69633], [12.794801, -4.687207], [12.802647, -4.6724], [12.805193, -4.666352], [12.749161, -4.623762], [12.62639, -4.528311], [12.561223, -4.475914], [12.504866, -4.428481], [12.482646, -4.408521], [12.465817, -4.392075], [12.455438, -4.3799], [12.453001, -4.37565], [12.452574, -4.372753], [12.452953, -4.37], [12.4517, -4.370277], [12.444938, -4.378592], [12.418898, -4.416961], [12.384747, -4.46659], [12.367845, -4.48898], [12.352776, -4.506207], [12.344197, -4.513107], [12.33248, -4.520125], [12.301424, -4.534982], [12.263195, -4.551717], [12.221378, -4.571267], [12.200246, -4.582391], [12.179562, -4.594571], [12.159775, -4.607925], [12.141332, -4.622568], [12.124683, -4.638619], [12.110276, -4.656195], [12.104053, -4.665591], [12.098559, -4.675413], [12.09385, -4.685674], [12.08998, -4.69639], [12.076988, -4.736484], [12.065242, -4.769424], [12.054431, -4.795561], [12.044244, -4.815247], [12.039287, -4.822781], [12.034368, -4.828834], [12.02945, -4.83345], [12.024493, -4.836673], [12.019457, -4.838547], [12.014305, -4.839116], [12.008997, -4.838424], [12.003495, -4.836514], [11.997734, -4.834829], [11.991716, -4.83461], [11.985492, -4.835603], [11.979118, -4.837554], [11.95318, -4.849858], [11.940698, -4.85515], [11.934766, -4.856691], [11.929112, -4.857157], [11.92379, -4.856293], [11.918852, -4.853846], [11.914353, -4.849561], [11.910346, -4.843184], [11.906827, -4.834882], [11.903718, -4.825246], [11.898494, -4.803514], [11.890384, -4.761027], [11.886563, -4.746449], [11.884506, -4.742178], [11.882274, -4.740433], [11.879808, -4.741602], [11.87705, -4.746069], [11.87394, -4.754222], [11.870422, -4.766446], [11.867266, -4.780495], [11.865179, -4.793861], [11.863599, -4.818527], [11.864462, -4.840404], [11.866545, -4.859453], [11.868628, -4.875635], [11.86949, -4.88891], [11.869082, -4.894445], [11.86791, -4.899239], [11.865823, -4.903286], [11.862668, -4.906582], [11.835671, -4.931291], [11.793081, -4.970805], [11.769902, -4.990836], [11.74758, -5.008233], [11.737237, -5.015285], [11.727703, -5.020887], [11.719175, -5.024775], [11.711854, -5.026684], [11.705541, -5.027905], [11.699916, -5.029875], [11.694994, -5.032562], [11.690786, -5.035933], [11.687306, -5.039955], [11.684567, -5.044597], [11.682582, -5.049824], [11.681363, -5.055606], [11.680924, -5.061908], [11.681278, -5.0687], [11.684415, -5.083617], [11.69088, -5.100098], [11.700775, -5.117881], [11.739721, -5.179817], [11.796135, -5.271363], [11.849222, -5.361238], [11.86802, -5.395774], [11.874345, -5.408731], [11.878188, -5.418162], [11.885485, -5.43459], [11.895824, -5.453233], [11.906839, -5.473179], [11.916166, -5.493516], [11.919457, -5.503546], [11.921439, -5.513331], [11.921816, -5.522758], [11.920292, -5.531713], [11.916573, -5.540081], [11.910361, -5.547748], [11.901362, -5.554601], [11.88928, -5.560526], [11.885397, -5.57053]]]}}, {"type": "Feature", "properties": {"PROVINCIA": "Zaire", "SEDE": "Mbanza Kongo", "N_MUNIC": 11, "N_COMUNAS": 18, "ID": 21, "MUNICIPIOS": ["Soyo", "Mbanza Kongo", "Nzeto", "Tomboco", "Cuimba", "Nóqui", "Luvo", "Lufico", "Quêlo", "Serra de Canda", "Quindeje"], "COMUNAS": ["Soyo", "Pedra de Feitiço", "Mbanza Kongo", "Madimba", "Caluca", "Quiende", "Nzeto", "Musserra", "Tomboco", "Quinsimba", "Quinzau", "Cuimba", "Buela", "Luvaca", "Lufico", "Mpala", "Quibala - Norte", "Quindeje"]}, "geometry": {"type": "Polygon", "coordinates": [[[14.795045, -6.424078], [14.795897, -6.420394], [14.795934, -6.415845], [14.793818, -6.404454], [14.789208, -6.390504], [14.782612, -6.374598], [14.7655, -6.33932], [14.746555, -6.303429], [14.720593, -6.253796], [14.709289, -6.230108], [14.700247, -6.208172], [14.689283, -6.183207], [14.674875, -6.156423], [14.658313, -6.129118], [14.640884, -6.102589], [14.608583, -6.057055], [14.588279, -6.030208], [14.545626, -6.030704], [14.489622, -6.036116], [14.434948, -6.039697], [14.381889, -6.041645], [14.330727, -6.042158], [14.281747, -6.041434], [14.235233, -6.039671], [14.191468, -6.037067], [14.150736, -6.033821], [14.079508, -6.026192], [14.02382, -6.01837], [13.968143, -6.008481], [12.730043, -6.052762], [12.709517, -6.068568], [12.687812, -6.083658], [12.66504, -6.098047], [12.641313, -6.11175], [12.616743, -6.124782], [12.591442, -6.137158], [12.565521, -6.148892], [12.539093, -6.16], [12.485161, -6.180394], [12.430542, -6.19846], [12.376131, -6.214316], [12.322821, -6.228082], [12.27151, -6.239875], [12.22309, -6.249815], [12.178458, -6.25802], [12.138509, -6.264609], [12.076237, -6.273416], [12.043435, -6.277183], [12.040236, -6.282322], [12.038115, -6.288467], [12.037043, -6.295584], [12.036986, -6.303634], [12.037914, -6.312582], [12.039796, -6.32239], [12.046296, -6.344445], [12.056235, -6.369505], [12.069364, -6.397278], [12.085431, -6.427473], [12.104187, -6.459797], [12.125382, -6.493957], [12.148766, -6.529662], [12.174088, -6.566619], [12.201098, -6.604536], [12.259181, -6.682081], [12.321015, -6.75996], [12.346025, -6.788307], [12.383655, -6.828806], [12.437661, -6.886724], [12.496788, -6.952488], [12.525968, -6.986575], [12.553664, -7.020539], [12.578954, -7.053684], [12.600917, -7.085315], [12.608959, -7.09854], [12.616072, -7.112008], [12.622316, -7.125698], [12.627754, -7.13959], [12.636457, -7.1679], [12.642675, -7.196778], [12.646901, -7.226063], [12.649629, -7.255594], [12.652567, -7.314752], [12.654314, -7.355241], [12.657401, -7.395795], [12.659848, -7.41588], [12.663113, -7.435723], [12.667354, -7.455237], [12.672733, -7.474337], [12.680915, -7.496131], [12.694211, -7.527021], [12.733855, -7.612182], [12.849334, -7.848657], [12.877837, -7.906646], [12.90405, -7.909536], [12.923938, -7.910179], [12.946727, -7.909232], [12.971204, -7.905903], [12.983695, -7.903099], [12.996153, -7.899403], [13.008425, -7.894715], [13.02036, -7.888938], [13.031806, -7.881972], [13.042611, -7.873719], [13.064329, -7.856038], [13.0865, -7.840164], [13.109125, -7.826964], [13.120607, -7.821638], [13.132203, -7.817306], [13.143912, -7.814077], [13.155734, -7.812058], [13.167669, -7.811359], [13.179718, -7.812087], [13.191881, -7.814352], [13.204156, -7.818262], [13.216545, -7.823924], [13.229047, -7.831449], [13.237715, -7.837456], [13.271987, -7.859985], [13.286937, -7.868118], [13.300964, -7.873661], [13.314468, -7.876235], [13.321148, -7.876291], [13.327848, -7.875463], [13.334617, -7.873703], [13.341505, -7.870965], [13.348562, -7.867202], [13.355838, -7.862365], [13.364135, -7.855701], [13.37173, -7.848552], [13.386004, -7.833116], [13.396432, -7.821658], [13.407735, -7.810458], [13.420678, -7.799865], [13.436026, -7.79023], [13.454546, -7.781904], [13.477001, -7.775236], [13.504157, -7.770578], [13.53678, -7.768279], [13.617758, -7.76511], [13.617041, -7.752553], [13.617526, -7.736737], [13.620167, -7.71923], [13.622594, -7.710331], [13.625918, -7.701597], [13.629789, -7.695218], [13.63552, -7.689183], [13.642906, -7.683413], [13.651745, -7.677832], [13.672969, -7.666918], [13.697569, -7.655814], [13.718982, -7.646189], [13.739428, -7.635952], [13.748205, -7.630765], [13.75544, -7.625618], [13.760698, -7.620578], [13.763547, -7.615708], [13.763716, -7.61112], [13.7618, -7.605596], [13.758107, -7.59928], [13.752944, -7.592318], [13.739433, -7.577033], [13.723724, -7.5609], [13.70288, -7.539516], [13.682676, -7.516642], [13.673444, -7.504612], [13.665128, -7.492169], [13.65798, -7.479298], [13.652251, -7.465987], [13.647581, -7.449122], [13.646361, -7.43431], [13.64809, -7.421267], [13.652267, -7.409713], [13.658388, -7.399365], [13.665953, -7.389942], [13.683406, -7.372741], [13.702691, -7.353289], [13.710912, -7.342306], [13.717226, -7.329962], [13.724701, -7.308319], [13.72601, -7.300445], [13.725056, -7.294705], [13.722527, -7.291392], [13.718185, -7.288158], [13.704063, -7.281563], [13.682693, -7.274186], [13.654078, -7.265291], [13.639421, -7.26095], [13.621252, -7.254266], [13.605836, -7.246394], [13.592957, -7.237556], [13.582397, -7.227974], [13.573937, -7.21787], [13.567361, -7.207467], [13.56245, -7.196986], [13.558987, -7.186648], [13.556753, -7.176677], [13.555533, -7.167295], [13.555257, -7.151182], [13.557275, -7.135782], [13.558607, -7.130436], [13.563937, -7.129596], [13.600017, -7.124437], [13.639109, -7.119564], [13.687569, -7.114399], [13.692404, -7.114055], [13.732204, -7.109478], [13.747195, -7.106234], [13.760257, -7.101467], [13.772396, -7.094514], [13.784621, -7.084712], [13.797939, -7.071396], [13.813357, -7.053902], [13.824223, -7.041832], [13.833569, -7.03281], [13.841765, -7.026454], [13.849184, -7.022384], [13.856197, -7.020218], [13.863174, -7.019572], [13.87851, -7.021318], [13.888222, -7.022816], [13.900354, -7.023799], [13.915641, -7.0235], [13.934818, -7.021153], [13.974806, -7.014967], [13.9856, -7.013459], [13.991819, -7.011685], [13.995823, -7.0085], [13.999971, -7.002761], [14.011126, -6.987564], [14.031127, -6.960987], [14.063326, -6.918961], [14.081924, -6.896743], [14.103272, -6.873431], [14.118687, -6.85852], [14.133467, -6.84703], [14.1484, -6.838619], [14.164271, -6.832946], [14.181868, -6.82967], [14.201977, -6.828451], [14.225386, -6.828947], [14.252881, -6.830817], [14.267962, -6.831626], [14.279688, -6.831332], [14.288575, -6.829992], [14.29514, -6.827662], [14.299902, -6.8244], [14.303378, -6.820262], [14.308541, -6.809587], [14.312116, -6.801398], [14.316909, -6.792568], [14.323766, -6.783392], [14.333529, -6.774164], [14.341501, -6.769237], [14.352232, -6.764564], [14.365435, -6.760086], [14.380823, -6.755745], [14.417006, -6.747239], [14.45848, -6.738577], [14.514149, -6.726888], [14.542301, -6.720268], [14.56891, -6.71313], [14.59266, -6.705476], [14.612234, -6.697305], [14.620045, -6.693027], [14.626319, -6.688619], [14.630891, -6.684082], [14.633597, -6.679417], [14.648762, -6.634805], [14.661029, -6.598327], [14.681909, -6.544066], [14.689603, -6.527813], [14.698395, -6.513503], [14.708042, -6.500917], [14.718299, -6.489835], [14.728924, -6.480038], [14.73967, -6.471307], [14.760553, -6.456166], [14.782177, -6.440055], [14.790034, -6.432167], [14.795045, -6.424078]]]}}, {"type": "Feature", "properties": {"PROVINCIA": "Malanje", "SEDE": "Malanje", "N_MUNIC": 27, "N_COMUNAS": 38, "ID": 16, "MUNICIPIOS": ["Calandula", "Malanje", "Cacuso", "Massango", "Marimba", "Quela", "Quirima", "Cangandala", "Cahombo", "Kunda dya Baze", "Cambundi Catembo", "Caculama", "Kiwaba Nzoji", "Luquembo", "Cateco Cangola", "Mbanji ya Ngola", "Cuale", "Pungu a Ndongo", "Ngola Luiji", "Quihuhu", "Xandel", "Cambo Suinginge", "Milando", "Quitapa", "Capunda", "Muquixe", "Quêssua"], "COMUNAS": ["Calandula", "Cota", "Malanje", "Lombe", "Cacuso", "Soqueco", "Marimba", "Mangando", "Quela", "Bângalas", "Quirima", "Sautar", "Cangandala", "Caribo", "Culamagia", "Cahombo", "Micanda", "Kunda dya Baze", "Lemba", "Cambundi Catembo", "Dumba Cambango", "Caculama", "Caxinga", "Kiwaba Nzoji", "Mufuma", "Luquembo", "Dombo wa Zanga", "Mbanji ya Ngola", "Cabombo", "Ngola Luiji", "Cambaxe", "Quihuhu", "Quinguengue", "Xandel", "Moma", "Capunda", "Quimbango", "Cunga Palanga"]}, "geometry": {"type": "Polygon", "coordinates": [[[18.757376, -11.43067], [18.758844, -11.424527], [18.759138, -11.417105], [18.75837, -11.408564], [18.756655, -11.399061], [18.750836, -11.377809], [18.742593, -11.354618], [18.732835, -11.330762], [18.722471, -11.30751], [18.703568, -11.267904], [18.690903, -11.24134], [18.688707, -11.234558], [18.687212, -11.226378], [18.686125, -11.206625], [18.687249, -11.18368], [18.690189, -11.159144], [18.694551, -11.134615], [18.69994, -11.111693], [18.705962, -11.091979], [18.712223, -11.077071], [18.67, -11.036926], [18.640953, -11.007334], [18.610718, -10.97424], [18.582372, -10.939774], [18.56987, -10.922694], [18.558993, -10.906071], [18.550128, -10.890171], [18.543657, -10.875262], [18.539967, -10.86161], [18.539285, -10.855338], [18.539442, -10.84948], [18.54143, -10.837322], [18.544392, -10.826786], [18.548145, -10.81768], [18.552508, -10.80981], [18.56234, -10.797001], [18.572437, -10.786807], [18.580457, -10.778985], [18.586617, -10.770958], [18.58881, -10.76647], [18.59031, -10.761455], [18.591041, -10.755754], [18.590927, -10.749209], [18.589923, -10.741096], [18.588079, -10.733355], [18.585459, -10.725975], [18.582128, -10.718944], [18.573596, -10.705879], [18.563003, -10.694067], [18.550872, -10.683414], [18.537723, -10.673826], [18.510456, -10.657464], [18.493925, -10.647635], [18.473371, -10.633686], [18.450929, -10.616556], [18.428729, -10.597186], [18.418387, -10.586954], [18.408904, -10.576516], [18.400549, -10.565987], [18.393586, -10.555486], [18.388283, -10.545129], [18.384907, -10.535036], [18.383723, -10.525322], [18.384998, -10.516106], [18.389769, -10.50458], [18.396664, -10.493208], [18.414326, -10.470311], [18.431852, -10.448111], [18.440011, -10.436112], [18.447207, -10.423311], [18.45302, -10.409554], [18.457031, -10.39469], [18.458821, -10.378565], [18.457968, -10.361027], [18.457569, -10.351333], [18.458724, -10.34192], [18.46132, -10.332778], [18.46524, -10.323894], [18.470369, -10.315257], [18.476592, -10.306856], [18.483794, -10.298678], [18.491858, -10.290711], [18.510116, -10.275365], [18.530441, -10.260726], [18.573604, -10.233186], [18.597006, -10.218585], [18.618235, -10.204111], [18.62687, -10.197273], [18.633562, -10.190889], [18.637845, -10.1851], [18.639253, -10.180047], [18.637955, -10.166996], [18.635146, -10.14907], [18.626917, -10.104174], [18.616646, -10.046716], [18.610448, -10.004187], [18.608941, -9.987939], [18.608529, -9.974724], [18.609237, -9.964311], [18.611092, -9.956465], [18.539761, -9.903788], [18.473551, -9.856534], [18.421587, -9.821436], [18.403798, -9.81055], [18.392993, -9.80523], [18.383095, -9.813265], [18.367276, -9.828021], [18.326177, -9.868234], [18.244168, -9.947766], [18.20552, -9.983328], [18.169153, -10.014721], [18.135596, -10.040922], [18.120037, -10.051754], [18.105381, -10.060904], [18.091692, -10.068244], [18.079038, -10.073645], [18.067485, -10.07698], [18.0571, -10.07812], [18.049105, -10.07728], [18.03515, -10.072999], [18.021867, -10.067219], [18.009207, -10.060198], [17.997125, -10.052191], [17.974505, -10.034249], [17.953634, -10.015447], [17.935764, -9.999361], [17.91827, -9.985265], [17.909606, -9.979468], [17.900965, -9.974773], [17.892324, -9.971383], [17.883659, -9.969498], [17.872345, -9.969217], [17.860059, -9.970799], [17.847046, -9.973928], [17.833553, -9.978289], [17.80611, -9.989447], [17.779698, -10.001751], [17.758349, -10.011598], [17.74175, -10.018268], [17.729086, -10.021274], [17.723976, -10.021251], [17.719545, -10.020131], [17.707863, -10.014284], [17.693554, -10.005926], [17.661089, -9.987962], [17.643814, -9.980265], [17.626739, -9.97501], [17.605749, -9.971497], [17.568999, -9.96517], [17.549598, -9.95992], [17.531189, -9.952467], [17.522749, -9.947724], [17.515029, -9.942202], [17.508186, -9.935825], [17.502377, -9.928516], [17.497759, -9.9202], [17.49449, -9.910801], [17.492726, -9.900241], [17.492625, -9.888446], [17.495828, -9.858077], [17.499783, -9.83397], [17.502949, -9.813478], [17.503067, -9.806169], [17.501623, -9.801386], [17.49714, -9.798543], [17.488793, -9.796702], [17.472835, -9.795973], [17.454135, -9.796867], [17.423877, -9.797975], [17.408538, -9.797204], [17.393635, -9.794805], [17.379598, -9.790221], [17.373039, -9.786934], [17.366859, -9.782892], [17.361111, -9.778024], [17.35585, -9.77226], [17.351129, -9.765531], [17.347002, -9.757767], [17.341502, -9.747067], [17.337271, -9.741223], [17.333949, -9.73864], [17.331177, -9.73772], [17.326398, -9.736126], [17.32208, -9.733592], [17.318055, -9.729539], [17.314157, -9.723387], [17.310221, -9.714556], [17.30608, -9.702468], [17.296519, -9.666201], [17.28714, -9.622728], [17.282026, -9.595178], [17.27928, -9.580806], [17.276333, -9.571698], [17.271356, -9.56397], [17.262521, -9.553735], [17.260858, -9.551903], [17.253269, -9.54458], [17.244134, -9.537211], [17.223535, -9.522653], [17.206604, -9.510845], [17.191922, -9.498987], [17.185952, -9.492928], [17.181178, -9.486721], [17.17781, -9.480323], [17.17606, -9.473689], [17.176029, -9.46824], [17.177202, -9.462951], [17.179594, -9.45785], [17.183218, -9.452967], [17.190696, -9.446398], [17.200944, -9.440173], [17.213669, -9.434216], [17.228577, -9.428447], [17.263771, -9.417159], [17.304184, -9.405682], [17.36214, -9.388819], [17.387612, -9.380085], [17.408475, -9.371087], [17.437637, -9.356552], [17.469499, -9.340816], [17.484494, -9.332715], [17.497954, -9.324547], [17.509196, -9.31638], [17.517536, -9.308279], [17.520404, -9.304274], [17.522291, -9.300311], [17.523111, -9.296397], [17.522778, -9.292542], [17.515951, -9.269148], [17.499297, -9.211942], [17.490853, -9.177662], [17.483831, -9.141608], [17.479355, -9.105287], [17.478423, -9.087498], [17.478549, -9.070207], [17.479874, -9.053604], [17.482538, -9.037876], [17.486683, -9.023212], [17.492448, -9.009801], [17.49897, -8.996443], [17.504783, -8.982793], [17.514265, -8.954874], [17.520853, -8.92656], [17.524506, -8.898365], [17.525182, -8.870803], [17.524391, -8.857422], [17.522841, -8.844392], [17.520527, -8.831778], [17.517443, -8.819644], [17.513584, -8.808055], [17.508945, -8.797076], [17.501845, -8.783809], [17.492264, -8.768629], [17.468463, -8.734416], [17.435206, -8.686043], [17.420517, -8.661984], [17.408605, -8.638705], [17.404037, -8.62752], [17.400581, -8.616726], [17.398376, -8.606387], [17.39756, -8.596567], [17.398273, -8.587334], [17.400654, -8.57875], [17.404841, -8.570883], [17.410975, -8.563796], [17.432142, -8.544742], [17.456865, -8.522104], [17.466909, -8.511367], [17.475108, -8.500502], [17.481237, -8.48912], [17.485072, -8.476833], [17.486388, -8.463254], [17.48496, -8.447995], [17.482139, -8.436965], [17.47752, -8.425059], [17.46496, -8.399374], [17.455438, -8.380143], [17.446356, -8.359418], [17.439011, -8.337363], [17.436396, -8.325887], [17.434703, -8.31414], [17.434092, -8.302143], [17.434728, -8.289916], [17.436772, -8.277479], [17.440386, -8.264853], [17.445733, -8.252059], [17.452975, -8.239116], [17.462274, -8.226046], [17.473793, -8.212869], [17.464716, -8.191985], [17.450738, -8.165496], [17.432611, -8.134356], [17.411086, -8.099517], [17.360851, -8.022552], [17.306052, -7.942221], [17.20683, -7.801938], [17.161555, -7.739626], [17.160222, -7.736953], [17.152168, -7.711348], [17.142494, -7.686801], [17.131375, -7.66332], [17.118988, -7.640912], [17.105507, -7.619585], [17.091108, -7.599345], [17.075967, -7.580201], [17.060259, -7.562159], [17.025666, -7.568325], [17.000487, -7.574595], [16.973951, -7.583389], [16.967391, -7.587208], [16.96082, -7.593328], [16.954229, -7.601449], [16.947609, -7.611273], [16.93424, -7.634827], [16.920638, -7.66159], [16.903099, -7.695705], [16.883688, -7.729191], [16.873026, -7.744797], [16.861591, -7.759166], [16.84928, -7.771937], [16.835992, -7.782749], [16.80834, -7.802961], [16.789826, -7.816584], [16.773829, -7.826694], [16.766447, -7.83012], [16.7593, -7.832292], [16.752259, -7.833086], [16.745191, -7.832376], [16.739966, -7.830728], [16.734875, -7.828138], [16.729866, -7.824554], [16.724887, -7.819925], [16.714803, -7.807325], [16.704201, -7.789928], [16.681635, -7.75204], [16.652626, -7.708273], [16.619728, -7.662148], [16.585494, -7.617185], [16.552478, -7.576906], [16.523235, -7.544831], [16.510826, -7.532971], [16.500317, -7.524482], [16.492029, -7.519805], [16.488817, -7.519033], [16.486279, -7.51938], [16.476261, -7.524063], [16.463617, -7.527868], [16.431456, -7.53459], [16.392344, -7.542764], [16.371957, -7.548303], [16.351949, -7.555335], [16.333017, -7.564254], [16.324174, -7.569545], [16.315862, -7.575454], [16.308169, -7.582033], [16.301183, -7.58933], [16.29499, -7.597394], [16.289678, -7.606274], [16.280747, -7.621937], [16.270788, -7.636758], [16.260018, -7.650715], [16.248659, -7.663785], [16.236931, -7.675947], [16.225052, -7.687178], [16.201724, -7.706754], [16.180435, -7.722336], [16.162944, -7.733741], [16.146389, -7.743305], [16.133764, -7.747284], [16.110272, -7.75231], [16.032923, -7.766203], [15.951285, -7.780738], [15.948783, -7.781763], [15.945777, -7.785422], [15.943227, -7.791002], [15.941333, -7.798006], [15.939392, -7.815956], [15.939709, -7.838612], [15.942037, -7.865312], [15.946131, -7.895396], [15.951745, -7.928201], [15.96655, -7.999333], [15.984486, -8.073419], [16.003586, -8.145168], [16.021885, -8.209291], [16.037415, -8.260498], [16.040093, -8.269026], [15.934952, -8.294418], [15.915911, -8.300138], [15.900899, -8.306891], [15.889356, -8.314489], [15.880718, -8.322745], [15.874423, -8.331471], [15.869909, -8.340479], [15.863974, -8.358593], [15.860667, -8.369325], [15.85625, -8.379399], [15.853279, -8.383924], [15.849613, -8.387967], [15.845115, -8.391421], [15.839646, -8.394181], [15.832145, -8.396314], [15.825332, -8.396629], [15.819133, -8.395407], [15.81347, -8.392932], [15.808269, -8.389485], [15.803453, -8.385348], [15.794671, -8.376133], [15.78499, -8.3659], [15.773841, -8.356902], [15.767316, -8.353293], [15.759944, -8.350503], [15.751565, -8.348705], [15.742018, -8.348067], [15.735101, -8.34888], [15.730276, -8.350929], [15.727074, -8.353636], [15.725025, -8.356417], [15.722885, -8.361351], [15.721541, -8.367167], [15.720966, -8.380928], [15.722743, -8.39667], [15.726312, -8.413362], [15.731116, -8.429976], [15.736595, -8.445482], [15.742192, -8.458849], [15.747348, -8.469048], [15.749765, -8.475306], [15.750467, -8.482144], [15.749755, -8.489327], [15.74793, -8.49662], [15.742146, -8.510595], [15.73552, -8.522187], [15.728033, -8.5329], [15.719357, -8.543342], [15.709739, -8.553118], [15.699429, -8.561832], [15.688673, -8.56909], [15.677721, -8.574495], [15.666819, -8.577652], [15.656217, -8.578166], [15.652359, -8.578566], [15.647288, -8.580231], [15.633533, -8.587904], [15.615, -8.602281], [15.591737, -8.624458], [15.575446, -8.64198], [15.560598, -8.659358], [15.547433, -8.676069], [15.53619, -8.691594], [15.527111, -8.70541], [15.520435, -8.716997], [15.516401, -8.725833], [15.515251, -8.731399], [15.519117, -8.738352], [15.527039, -8.748224], [15.551787, -8.773995], [15.58297, -8.803243], [15.614059, -8.8305], [15.617219, -8.833007], [15.617054, -8.837017], [15.614172, -8.914101], [15.609118, -9.005503], [15.605704, -9.048241], [15.601659, -9.08456], [15.596954, -9.111127], [15.594344, -9.119711], [15.591559, -9.124608], [15.590809, -9.127595], [15.590668, -9.132622], [15.591394, -9.144655], [15.592262, -9.158246], [15.59237, -9.17355], [15.590782, -9.190146], [15.586567, -9.207616], [15.583182, -9.216547], [15.57879, -9.225539], [15.573275, -9.23454], [15.566519, -9.243498], [15.558405, -9.252359], [15.548818, -9.261071], [15.537641, -9.269583], [15.524756, -9.277841], [15.485313, -9.300423], [15.471824, -9.307324], [15.461253, -9.311727], [15.452674, -9.313951], [15.445159, -9.314319], [15.437782, -9.313152], [15.429615, -9.310769], [15.413977, -9.306185], [15.402789, -9.304016], [15.38846, -9.302241], [15.381106, -9.302172], [15.374737, -9.30345], [15.369274, -9.306046], [15.36464, -9.309929], [15.36093, -9.314861], [15.357945, -9.320736], [15.355625, -9.327423], [15.353911, -9.334792], [15.35206, -9.351052], [15.351913, -9.368475], [15.352992, -9.386016], [15.354819, -9.402631], [15.358802, -9.428911], [15.360807, -9.444108], [15.360372, -9.447492], [15.358997, -9.450513], [15.356578, -9.453189], [15.353012, -9.455542], [15.342021, -9.459356], [15.325191, -9.462117], [15.301692, -9.463985], [15.270692, -9.46512], [15.182861, -9.465835], [15.149763, -9.466416], [15.122286, -9.468007], [15.100006, -9.470382], [15.082499, -9.473313], [15.069343, -9.476573], [15.060114, -9.479936], [15.054388, -9.483174], [15.051742, -9.48606], [15.052302, -9.489126], [15.054242, -9.492068], [15.058858, -9.498619], [15.062604, -9.505848], [15.065512, -9.513644], [15.067616, -9.521895], [15.069539, -9.539312], [15.068633, -9.557202], [15.065157, -9.57467], [15.059371, -9.590818], [15.051535, -9.60475], [15.046928, -9.610604], [15.041907, -9.615569], [15.038115, -9.619515], [15.035048, -9.624137], [15.032703, -9.629424], [15.031078, -9.635363], [15.030172, -9.641941], [15.029983, -9.649146], [15.031745, -9.665386], [15.03635, -9.683984], [15.043781, -9.704841], [15.054023, -9.727856], [15.06706, -9.75293], [15.072474, -9.76351], [15.076713, -9.773689], [15.079772, -9.783457], [15.081647, -9.792804], [15.082336, -9.80172], [15.081833, -9.810196], [15.080135, -9.818221], [15.077238, -9.825786], [15.071372, -9.835187], [15.064212, -9.842706], [15.056399, -9.848533], [15.04857, -9.852858], [15.054242, -9.856028], [15.084382, -9.872867], [15.109056, -9.885479], [15.119684, -9.890052], [15.129356, -9.893391], [15.138208, -9.895438], [15.146376, -9.896134], [15.236207, -9.894024], [15.395797, -9.889033], [15.552885, -9.883166], [15.607911, -9.880531], [15.635215, -9.878429], [15.639926, -9.876544], [15.644885, -9.875412], [15.651202, -9.873969], [15.658069, -9.870878], [15.665342, -9.864623], [15.67288, -9.853686], [15.675217, -9.848475], [15.676497, -9.843309], [15.677373, -9.832799], [15.678209, -9.823446], [15.680427, -9.815539], [15.684516, -9.809035], [15.690966, -9.80389], [15.700267, -9.800062], [15.712909, -9.797506], [15.729383, -9.79618], [15.750178, -9.79604], [15.786067, -9.795848], [15.831321, -9.794538], [15.885518, -9.793052], [15.936513, -9.792403], [15.983354, -9.793035], [16.025088, -9.795393], [16.043742, -9.797357], [16.060762, -9.79992], [16.076029, -9.803137], [16.089423, -9.807062], [16.100826, -9.811752], [16.110119, -9.817263], [16.117182, -9.823649], [16.121896, -9.830966], [16.125682, -9.840314], [16.128284, -9.848856], [16.130642, -9.863801], [16.130375, -9.876365], [16.128889, -9.88711], [16.127578, -9.897308], [16.128246, -9.907039], [16.129845, -9.912169], [16.132567, -9.917709], [16.13662, -9.923838], [16.142214, -9.930729], [16.147352, -9.936006], [16.152293, -9.940051], [16.161732, -9.945161], [16.170828, -9.94748], [16.179879, -9.948434], [16.193919, -9.950658], [16.200208, -9.953051], [16.205993, -9.956796], [16.211264, -9.962263], [16.216007, -9.969826], [16.220211, -9.979857], [16.223865, -9.992727], [16.226639, -10.002124], [16.230037, -10.010033], [16.233978, -10.016673], [16.238381, -10.022263], [16.248255, -10.03117], [16.259017, -10.03851], [16.271895, -10.047424], [16.278127, -10.052798], [16.283946, -10.059171], [16.289149, -10.066837], [16.29353, -10.076087], [16.296884, -10.087214], [16.299005, -10.100509], [16.299473, -10.115728], [16.298188, -10.131689], [16.295426, -10.148211], [16.291465, -10.165112], [16.281057, -10.199319], [16.269183, -10.232855], [16.253023, -10.279933], [16.247815, -10.300578], [16.246368, -10.309833], [16.245857, -10.318248], [16.24684, -10.325434], [16.249627, -10.332248], [16.253976, -10.338756], [16.259644, -10.345026], [16.27397, -10.357116], [16.290668, -10.369046], [16.312453, -10.384659], [16.322645, -10.393214], [16.331721, -10.402467], [16.339196, -10.412566], [16.344584, -10.423659], [16.347398, -10.435896], [16.347688, -10.442489], [16.347153, -10.449424], [16.347645, -10.457182], [16.350901, -10.465172], [16.356589, -10.473408], [16.36438, -10.481904], [16.384951, -10.499732], [16.409971, -10.518766], [16.45174, -10.551192], [16.47205, -10.569316], [16.490696, -10.589019], [16.499095, -10.599535], [16.506717, -10.610531], [16.513443, -10.622037], [16.519153, -10.634082], [16.523727, -10.646693], [16.527044, -10.6599], [16.528984, -10.673731], [16.529427, -10.688216], [16.539431, -10.691839], [16.550443, -10.697393], [16.562271, -10.704617], [16.574718, -10.713248], [16.6007, -10.733685], [16.626836, -10.756608], [16.651575, -10.779922], [16.673363, -10.801532], [16.701879, -10.831254], [16.830853, -10.833306], [16.883948, -10.83314], [16.90175, -10.832568], [16.911475, -10.831597], [16.917022, -10.831138], [16.921954, -10.832101], [16.926332, -10.834231], [16.930215, -10.837274], [16.936726, -10.845082], [16.941958, -10.85349], [16.949731, -10.864934], [16.951873, -10.866221], [16.953621, -10.865849], [16.959472, -10.863335], [16.966504, -10.861621], [16.983948, -10.860229], [17.005642, -10.860937], [17.031274, -10.86301], [17.051342, -10.864681], [17.065424, -10.864843], [17.069443, -10.864777], [17.073196, -10.865469], [17.079934, -10.868815], [17.085695, -10.874265], [17.090539, -10.8812], [17.094523, -10.889006], [17.097708, -10.897063], [17.101909, -10.911466], [17.128043, -10.913076], [17.153335, -10.917226], [17.177599, -10.923839], [17.200651, -10.932838], [17.222305, -10.944149], [17.242376, -10.957694], [17.260678, -10.973397], [17.277026, -10.991182], [17.285646, -11.002487], [17.293092, -11.013969], [17.2993, -11.025448], [17.304206, -11.036741], [17.307745, -11.047665], [17.309852, -11.05804], [17.310463, -11.067682], [17.309514, -11.07641], [17.309071, -11.080951], [17.309717, -11.085136], [17.311417, -11.089092], [17.314136, -11.092951], [17.322491, -11.100893], [17.334501, -11.109999], [17.35131, -11.122887], [17.359813, -11.130655], [17.367849, -11.139571], [17.375018, -11.149835], [17.380919, -11.161646], [17.385153, -11.175204], [17.387319, -11.190708], [17.387591, -11.209841], [17.385861, -11.225259], [17.382252, -11.237521], [17.376888, -11.247187], [17.369891, -11.254817], [17.361386, -11.26097], [17.351494, -11.266206], [17.340339, -11.271086], [17.324879, -11.277937], [17.308181, -11.287288], [17.307344, -11.287963], [17.314844, -11.289134], [17.33629, -11.29288], [17.347792, -11.296044], [17.358953, -11.300558], [17.36913, -11.306787], [17.37768, -11.315098], [17.381143, -11.320149], [17.383957, -11.325859], [17.386043, -11.332272], [17.387319, -11.339435], [17.388898, -11.348723], [17.391337, -11.356574], [17.394556, -11.363227], [17.398479, -11.368922], [17.408123, -11.378389], [17.419642, -11.386886], [17.432364, -11.396132], [17.44482, -11.407712], [17.450612, -11.414911], [17.455934, -11.423335], [17.460651, -11.433197], [17.46463, -11.444709], [17.467868, -11.45816], [17.469738, -11.470707], [17.470378, -11.482374], [17.469923, -11.493185], [17.468509, -11.503163], [17.466273, -11.512333], [17.463351, -11.520719], [17.459879, -11.528344], [17.451829, -11.54141], [17.443213, -11.551722], [17.42864, -11.56485], [17.426486, -11.567249], [17.424754, -11.570624], [17.422429, -11.57992], [17.421412, -11.591986], [17.421452, -11.606067], [17.423695, -11.637258], [17.427142, -11.667464], [17.42995, -11.692024], [17.431635, -11.713578], [17.432429, -11.721904], [17.433989, -11.729762], [17.436298, -11.73714], [17.439339, -11.744025], [17.443099, -11.750403], [17.44756, -11.756262], [17.452706, -11.761588], [17.458523, -11.766369], [17.464993, -11.770592], [17.472102, -11.774243], [17.488171, -11.77978], [17.506603, -11.782877], [17.527271, -11.783429], [17.53723, -11.781751], [17.545874, -11.777681], [17.553402, -11.77154], [17.560012, -11.763647], [17.565904, -11.75432], [17.571275, -11.74388], [17.581256, -11.720934], [17.592281, -11.695658], [17.59848, -11.683808], [17.605477, -11.672994], [17.61353, -11.663598], [17.622893, -11.656001], [17.633822, -11.650586], [17.639954, -11.648816], [17.646574, -11.647735], [17.668139, -11.644632], [17.684794, -11.640514], [17.697209, -11.635651], [17.70605, -11.630315], [17.711987, -11.624776], [17.715687, -11.619303], [17.71905, -11.60964], [17.719188, -11.59243], [17.717717, -11.563679], [17.715181, -11.507232], [17.714764, -11.481784], [17.715193, -11.458761], [17.716678, -11.438598], [17.719425, -11.421727], [17.723645, -11.408579], [17.726372, -11.403537], [17.729545, -11.399588], [17.732592, -11.397085], [17.735935, -11.39535], [17.739496, -11.394398], [17.7432, -11.394243], [17.750529, -11.395426], [17.758202, -11.397975], [17.766116, -11.401703], [17.774168, -11.406425], [17.790282, -11.418106], [17.805728, -11.431531], [17.819689, -11.445215], [17.83135, -11.457671], [17.844508, -11.472953], [17.846336, -11.475117], [17.846336, -11.577553], [17.875557, -11.580111], [17.905903, -11.581479], [17.932373, -11.580842], [17.942592, -11.579518], [17.949967, -11.577387], [17.958487, -11.574977], [17.966733, -11.575332], [17.974604, -11.577989], [17.981999, -11.582488], [17.988816, -11.588365], [17.994955, -11.595157], [18.00479, -11.60964], [18.095362, -11.604813], [18.155182, -11.602234], [18.204056, -11.601112], [18.215853, -11.601649], [18.226232, -11.603145], [18.235354, -11.605433], [18.243378, -11.608343], [18.256774, -11.615358], [18.267699, -11.622839], [18.275387, -11.628121], [18.282822, -11.632134], [18.290944, -11.634423], [18.300695, -11.634536], [18.306575, -11.632555], [18.313132, -11.628146], [18.320231, -11.621633], [18.327737, -11.613341], [18.343423, -11.592721], [18.359109, -11.568883], [18.37371, -11.544427], [18.386142, -11.521951], [18.400163, -11.493331], [18.401026, -11.491398], [18.40351, -11.488865], [18.408953, -11.485927], [18.418696, -11.482784], [18.434077, -11.479633], [18.456437, -11.476672], [18.487114, -11.4741], [18.527449, -11.472113], [18.540382, -11.470758], [18.55171, -11.467849], [18.561654, -11.46362], [18.570438, -11.458305], [18.578285, -11.452135], [18.585417, -11.445345], [18.598427, -11.430836], [18.612628, -11.415254], [18.620214, -11.408838], [18.62858, -11.403929], [18.63487, -11.401988], [18.641831, -11.401547], [18.649415, -11.402413], [18.657578, -11.404395], [18.675447, -11.41094], [18.695065, -11.419648], [18.711214, -11.426813], [18.727409, -11.433117], [18.74176, -11.43682], [18.747653, -11.437152], [18.752376, -11.436182], [18.754876, -11.434557], [18.757376, -11.43067]]]}}, {"type": "Feature", "properties": {"PROVINCIA": "Lunda Norte", "SEDE": "Dundo", "N_MUNIC": 19, "N_COMUNAS": 20, "ID": 14, "MUNICIPIOS": ["Cuilo", "Dundo", "Lubalo", "Capenda Camulemba", "Cuango", "Lucapa", "Cambulo", "Xá Muteba", "Caungula", "Lóvua", "Chitato", "Xá Cassau", "Camaxilo", "Luangue", "Luremo", "Canzar", "Cassanje Calucala", "Mussungue", "Cafunfo"], "COMUNAS": ["Cuilo", "Caluango", "Dundo", "Luachimo", "Lubalo", "Muvuluege", "Capenda Camulemba", "Xinge", "Lucapa", "Camissombo", "Nzage", "Cachimo", "Xá Cassau", "Capaia", "Canzar", "Luia", "Cassanje Calucala", "Iongo", "Mussungue", "Caíta"]}, "geometry": {"type": "Polygon", "coordinates": [[[21.974206, -8.492715], [21.961529, -8.456311], [21.946171, -8.420486], [21.928779, -8.385537], [21.909998, -8.351763], [21.890475, -8.319461], [21.870856, -8.288928], [21.833912, -8.234361], [21.803801, -8.189728], [21.793006, -8.171928], [21.785929, -8.157496], [21.783244, -8.148387], [21.781939, -8.138209], [21.781927, -8.127024], [21.783119, -8.114895], [21.785429, -8.101884], [21.788767, -8.088055], [21.798179, -8.058193], [21.810652, -8.025808], [21.825483, -7.991403], [21.859408, -7.918539], [21.895937, -7.839788], [21.911372, -7.802828], [21.923216, -7.769314], [21.927816, -7.749792], [21.930157, -7.729371], [21.930484, -7.708306], [21.929046, -7.686848], [21.92609, -7.665252], [21.921863, -7.643771], [21.916611, -7.622657], [21.910584, -7.602163], [21.897188, -7.564049], [21.883653, -7.531453], [21.864078, -7.490913], [20.565989, -7.455147], [20.565659, -7.447459], [20.565611, -7.42367], [20.56773, -7.402021], [20.571668, -7.382271], [20.577078, -7.364179], [20.583611, -7.347505], [20.590922, -7.332008], [20.606485, -7.303581], [20.618207, -7.282591], [20.628312, -7.261476], [20.634919, -7.243286], [20.641182, -7.222004], [20.652301, -7.175166], [20.660921, -7.13096], [20.666295, -7.099384], [20.342725, -7.095209], [20.342725, -7.179762], [20.334235, -7.179597], [19.541661, -7.162045], [19.540761, -7.188712], [19.539259, -7.206169], [19.536721, -7.224966], [19.532894, -7.244044], [19.527527, -7.262346], [19.520368, -7.278815], [19.516038, -7.286032], [19.511165, -7.292393], [19.508857, -7.295886], [19.506945, -7.300518], [19.504238, -7.312881], [19.502889, -7.328857], [19.502743, -7.347821], [19.503647, -7.369146], [19.505445, -7.392207], [19.511108, -7.441035], [19.518496, -7.489298], [19.526374, -7.531991], [19.533505, -7.564109], [19.538653, -7.580646], [19.540317, -7.584294], [19.541299, -7.589037], [19.541531, -7.601075], [19.539982, -7.615302], [19.537284, -7.630258], [19.527663, -7.668215], [19.519673, -7.690951], [19.511479, -7.708234], [19.50732, -7.714811], [19.503128, -7.720002], [19.498909, -7.723798], [19.494668, -7.726192], [19.49029, -7.727414], [19.48516, -7.727929], [19.473052, -7.727106], [19.459162, -7.724266], [19.444312, -7.719952], [19.41501, -7.70907], [19.391709, -7.698801], [19.373042, -7.754944], [19.380846, -7.762555], [19.386756, -7.772032], [19.390952, -7.783086], [19.393614, -7.795425], [19.394921, -7.808759], [19.395054, -7.822798], [19.394193, -7.837249], [19.392517, -7.851823], [19.387441, -7.880174], [19.381267, -7.905526], [19.371379, -7.937923], [19.371379, -8.180559], [18.760406, -8.176053], [18.760406, -8.060075], [18.515314, -8.047538], [18.515314, -8.15131], [18.509984, -8.153321], [18.490807, -8.158824], [18.46979, -8.162803], [18.441781, -8.165771], [18.425301, -8.166447], [18.40725, -8.166357], [18.387686, -8.165329], [18.366668, -8.163192], [18.344255, -8.159774], [18.320505, -8.154904], [18.295478, -8.14841], [18.269232, -8.140122], [18.256826, -8.136265], [18.244756, -8.13334], [18.233028, -8.131293], [18.221645, -8.130072], [18.199926, -8.129894], [18.179628, -8.132386], [18.16078, -8.137124], [18.143411, -8.143686], [18.127548, -8.151649], [18.113221, -8.16059], [18.100458, -8.170088], [18.089287, -8.17972], [18.071837, -8.197694], [18.057301, -8.216656], [18.0548, -8.220665], [17.494653, -8.220665], [17.484333, -8.232279], [17.475963, -8.243749], [17.469407, -8.255072], [17.464531, -8.26625], [17.4612, -8.277282], [17.459278, -8.288168], [17.45863, -8.298908], [17.459121, -8.309501], [17.460616, -8.319947], [17.462979, -8.330247], [17.469771, -8.350403], [17.478413, -8.36997], [17.487826, -8.388943], [17.501149, -8.416449], [17.506188, -8.429524], [17.509476, -8.442083], [17.510747, -8.451652], [17.511153, -8.460655], [17.510739, -8.46914], [17.50955, -8.477156], [17.507631, -8.484751], [17.505027, -8.491974], [17.497942, -8.505496], [17.488654, -8.518109], [17.477523, -8.530201], [17.451163, -8.55437], [17.430338, -8.573093], [17.426102, -8.578404], [17.423553, -8.58469], [17.422557, -8.591855], [17.422979, -8.599804], [17.424688, -8.608443], [17.427548, -8.617677], [17.436191, -8.637548], [17.447841, -8.658658], [17.461429, -8.680247], [17.490148, -8.721821], [17.514581, -8.757092], [17.52457, -8.772924], [17.532141, -8.786989], [17.53719, -8.798983], [17.541407, -8.811552], [17.544796, -8.824637], [17.547361, -8.838177], [17.549107, -8.852115], [17.550037, -8.866389], [17.550154, -8.880941], [17.549464, -8.895711], [17.547969, -8.910639], [17.545674, -8.925666], [17.542582, -8.940734], [17.538698, -8.955781], [17.534025, -8.970748], [17.528567, -8.985577], [17.522329, -9.000207], [17.515314, -9.01458], [17.510104, -9.026932], [17.506443, -9.040662], [17.504192, -9.055563], [17.50321, -9.071427], [17.50336, -9.088046], [17.504503, -9.105211], [17.509211, -9.140352], [17.516223, -9.175188], [17.524428, -9.208056], [17.539971, -9.261237], [17.547129, -9.285803], [17.547966, -9.291933], [17.547532, -9.297867], [17.545908, -9.30362], [17.543174, -9.309206], [17.539409, -9.314641], [17.534696, -9.319939], [17.522741, -9.330186], [17.50795, -9.340064], [17.490967, -9.349694], [17.45299, -9.368688], [17.42417, -9.383058], [17.402293, -9.3925], [17.375997, -9.401565], [17.316707, -9.418811], [17.281011, -9.428896], [17.247348, -9.439451], [17.232655, -9.444837], [17.220122, -9.450258], [17.210299, -9.455686], [17.203736, -9.461094], [17.200909, -9.465692], [17.200576, -9.468782], [17.201939, -9.472884], [17.204861, -9.477256], [17.214362, -9.486577], [17.240894, -9.505871], [17.26287, -9.521476], [17.272784, -9.529584], [17.281211, -9.537959], [17.282887, -9.539804], [17.293376, -9.551974], [17.299443, -9.561482], [17.303104, -9.572558], [17.306377, -9.589431], [17.311501, -9.616545], [17.320869, -9.659448], [17.329493, -9.692521], [17.335725, -9.709957], [17.340113, -9.716925], [17.343205, -9.718596], [17.349503, -9.720797], [17.355881, -9.725284], [17.362666, -9.733781], [17.370185, -9.74801], [17.373372, -9.753926], [17.377094, -9.759048], [17.381307, -9.763431], [17.385969, -9.767127], [17.396465, -9.772673], [17.408236, -9.776109], [17.420936, -9.777862], [17.434222, -9.778354], [17.461163, -9.77726], [17.4812, -9.776381], [17.498981, -9.77726], [17.505074, -9.77831], [17.511603, -9.780267], [17.517821, -9.783603], [17.522979, -9.788791], [17.525339, -9.792794], [17.526865, -9.797182], [17.527828, -9.80728], [17.5267, -9.819414], [17.524311, -9.833912], [17.520371, -9.85734], [17.517306, -9.886543], [17.517331, -9.894934], [17.518484, -9.902527], [17.5207, -9.90937], [17.523913, -9.915512], [17.528056, -9.921001], [17.533062, -9.925884], [17.538867, -9.93021], [17.545404, -9.934028], [17.560409, -9.940332], [17.577549, -9.94518], [17.596293, -9.948959], [17.616114, -9.952054], [17.638272, -9.955733], [17.657081, -9.961486], [17.675673, -9.969684], [17.710075, -9.988648], [17.733908, -10.001681], [17.73678, -10.001673], [17.741079, -10.000646], [17.752798, -9.996289], [17.780558, -9.983633], [17.808588, -9.970677], [17.837996, -9.958944], [17.852649, -9.954387], [17.866965, -9.951157], [17.880719, -9.949596], [17.893682, -9.950043], [17.9042, -9.952226], [17.914421, -9.955998], [17.924407, -9.961148], [17.93422, -9.967465], [17.953578, -9.982755], [17.972997, -10.000179], [17.99316, -10.018448], [18.014232, -10.035291], [18.025255, -10.042655], [18.036679, -10.049034], [18.048564, -10.05422], [18.060968, -10.058003], [18.065358, -10.05857], [18.070291, -10.058294], [18.081666, -10.055368], [18.094855, -10.049541], [18.109619, -10.041129], [18.125718, -10.030447], [18.142913, -10.017811], [18.179636, -9.987941], [18.217873, -9.954045], [18.255713, -9.91865], [18.322545, -9.853463], [18.35714, -9.819428], [18.379096, -9.798772], [18.392022, -9.788456], [18.396226, -9.786227], [18.399526, -9.785444], [18.399856, -9.785278], [18.404864, -9.786391], [18.41229, -9.789595], [18.433417, -9.801487], [18.461277, -9.819363], [18.493909, -9.841634], [18.565646, -9.892999], [18.632943, -9.942865], [18.63958, -9.943185], [18.647261, -9.945083], [18.656016, -9.948461], [18.665875, -9.953222], [18.689019, -9.966502], [18.716929, -9.984142], [18.745474, -10.002246], [18.757152, -10.00874], [18.764912, -10.011711], [18.775572, -10.011367], [18.788064, -10.010686], [18.802434, -10.011646], [18.81003, -10.013334], [18.817742, -10.016145], [18.825453, -10.020314], [18.833047, -10.026081], [18.841354, -10.034913], [18.848653, -10.045764], [18.854956, -10.058663], [18.860273, -10.07364], [18.864613, -10.090724], [18.867988, -10.109944], [18.870407, -10.131332], [18.87188, -10.154915], [18.873086, -10.167248], [18.876668, -10.183368], [18.879563, -10.191528], [18.883309, -10.19905], [18.887991, -10.205405], [18.893695, -10.210066], [18.899732, -10.21247], [18.906612, -10.212904], [18.914366, -10.211333], [18.923023, -10.207724], [19.006488, -10.167617], [19.049498, -10.147394], [19.089129, -10.127677], [19.099012, -10.121897], [19.11069, -10.11395], [19.138121, -10.093045], [19.200095, -10.041622], [19.236365, -10.011012], [19.262951, -9.989647], [19.281352, -9.976807], [19.287951, -9.973358], [19.293066, -9.97177], [19.296112, -9.959968], [19.29757, -9.946461], [19.297901, -9.927489], [19.296991, -9.910144], [19.295027, -9.892442], [19.292032, -9.874936], [19.288031, -9.858178], [19.283046, -9.842721], [19.2771, -9.829117], [19.270216, -9.817919], [19.262418, -9.809678], [19.252171, -9.800711], [19.24346, -9.791548], [19.236339, -9.78229], [19.23086, -9.77304], [19.227077, -9.7639], [19.225042, -9.754972], [19.224808, -9.746358], [19.226428, -9.738159], [19.230581, -9.729383], [19.237037, -9.721615], [19.24579, -9.714859], [19.256831, -9.709118], [19.270153, -9.704396], [19.285748, -9.700695], [19.303608, -9.698019], [19.323726, -9.696373], [19.46526, -9.688142], [19.514833, -9.684676], [19.52067, -9.684345], [19.522993, -9.689525], [19.542584, -9.733031], [19.560439, -9.774775], [19.580105, -9.823628], [19.598912, -9.874924], [19.607158, -9.900031], [19.614188, -9.924], [19.619667, -9.946248], [19.623262, -9.966191], [19.624639, -9.983247], [19.623464, -9.996832], [19.618464, -10.016217], [19.631217, -10.005232], [19.638486, -10.000328], [19.646391, -9.995981], [19.65496, -9.992314], [19.664223, -9.989453], [19.674209, -9.987519], [19.684949, -9.986637], [19.714063, -9.986726], [19.74292, -9.987808], [19.7677, -9.988673], [19.79093, -9.988584], [19.800973, -9.987862], [19.809441, -9.986519], [19.815937, -9.984426], [19.820065, -9.981456], [19.842223, -9.958571], [19.864248, -9.936594], [19.887333, -9.911737], [19.897985, -9.898913], [19.907356, -9.88619], [19.91493, -9.873842], [19.920194, -9.862143], [19.922203, -9.854157], [19.923312, -9.845117], [19.923365, -9.824675], [19.921416, -9.802415], [19.918531, -9.779933], [19.915486, -9.755153], [19.914018, -9.733117], [19.91431, -9.723436], [19.915517, -9.714811], [19.917814, -9.707365], [19.921374, -9.701222], [19.92972, -9.693521], [19.943737, -9.683892], [19.962629, -9.672614], [19.985597, -9.659969], [20.040578, -9.63169], [20.102303, -9.601294], [20.141961, -9.581743], [20.147366, -9.579493], [20.152453, -9.578712], [20.157216, -9.579144], [20.161648, -9.580536], [20.169499, -9.585178], [20.175959, -9.590602], [20.183116, -9.596575], [20.186634, -9.598403], [20.190273, -9.598786], [20.19313, -9.597971], [20.196984, -9.595636], [20.201898, -9.591201], [20.207939, -9.584085], [20.221606, -9.565706], [20.238382, -9.543609], [20.247022, -9.533766], [20.256864, -9.524155], [20.268682, -9.514349], [20.28325, -9.503919], [20.301345, -9.492437], [20.32374, -9.479473], [20.331518, -9.473649], [20.338045, -9.465777], [20.343409, -9.456071], [20.347704, -9.444744], [20.351019, -9.43201], [20.353446, -9.418079], [20.355075, -9.403167], [20.355999, -9.387486], [20.356092, -9.354667], [20.354453, -9.321328], [20.348892, -9.259901], [20.345403, -9.222669], [20.344443, -9.19805], [20.345155, -9.189693], [20.346792, -9.183553], [20.349452, -9.179321], [20.353232, -9.176685], [20.355551, -9.174815], [20.35756, -9.171791], [20.360898, -9.164148], [20.366538, -9.152948], [20.370945, -9.148588], [20.377053, -9.146265], [20.381035, -9.146247], [20.385175, -9.147247], [20.389564, -9.149344], [20.394297, -9.152616], [20.405169, -9.162996], [20.418538, -9.179014], [20.429, -9.190543], [20.439868, -9.19903], [20.451111, -9.204446], [20.456864, -9.205993], [20.462701, -9.206761], [20.469362, -9.206587], [20.475689, -9.205567], [20.487057, -9.201745], [20.496241, -9.196793], [20.502676, -9.192213], [20.502846, -9.183844], [20.503945, -9.178617], [20.506014, -9.172841], [20.510345, -9.164481], [20.516334, -9.156329], [20.523968, -9.148389], [20.533232, -9.140666], [20.544113, -9.133162], [20.556597, -9.125883], [20.57067, -9.118832], [20.586319, -9.112013], [20.627473, -9.095946], [20.655635, -9.085768], [20.672676, -9.079557], [20.684519, -9.074282], [20.694457, -9.067817], [20.705788, -9.058033], [20.719501, -9.042827], [20.73738, -9.019194], [20.757513, -8.98947], [20.777988, -8.955992], [20.796893, -8.921097], [20.80516, -8.903848], [20.812318, -8.887121], [20.818128, -8.871207], [20.822351, -8.856399], [20.824747, -8.84299], [20.825079, -8.83127], [20.824571, -8.823086], [20.832401, -8.822246], [20.896576, -8.814957], [20.944566, -8.80911], [20.975855, -8.804528], [20.97774, -8.803481], [20.979278, -8.801023], [20.982188, -8.791495], [20.986212, -8.778599], [20.989608, -8.772046], [20.99448, -8.766158], [21.001242, -8.761483], [21.010308, -8.758573], [21.022093, -8.757978], [21.037011, -8.760247], [21.05773, -8.765889], [21.072328, -8.771779], [21.070955, -8.761377], [21.071579, -8.756035], [21.073331, -8.750727], [21.07597, -8.746189], [21.079526, -8.742101], [21.084007, -8.738455], [21.089424, -8.735246], [21.103104, -8.730114], [21.120641, -8.726658], [21.151866, -8.723422], [21.183112, -8.721863], [21.21315, -8.721605], [21.240754, -8.722271], [21.283744, -8.724873], [21.302255, -8.726658], [21.305758, -8.726989], [21.307915, -8.729674], [21.333912, -8.762933], [21.372919, -8.814539], [21.392387, -8.841557], [21.40921, -8.866364], [21.421421, -8.886695], [21.425182, -8.894473], [21.427054, -8.900282], [21.427922, -8.900984], [21.429526, -8.901013], [21.434871, -8.898614], [21.44027, -8.894587], [21.445844, -8.889207], [21.45141, -8.882562], [21.456785, -8.874741], [21.461785, -8.865831], [21.466227, -8.85592], [21.469927, -8.845096], [21.472702, -8.833446], [21.476833, -8.813392], [21.481604, -8.794059], [21.487391, -8.775775], [21.494568, -8.758869], [21.50351, -8.743671], [21.508761, -8.736815], [21.514594, -8.73051], [21.521055, -8.724796], [21.528193, -8.719714], [21.536053, -8.715306], [21.544683, -8.711613], [21.596828, -8.693246], [21.597745, -8.679099], [21.600802, -8.66118], [21.603509, -8.651955], [21.607202, -8.643167], [21.612031, -8.635276], [21.618148, -8.628741], [21.624389, -8.624644], [21.631297, -8.62216], [21.638798, -8.621338], [21.646816, -8.622224], [21.660885, -8.626314], [21.676551, -8.632683], [21.693177, -8.640741], [21.710127, -8.649898], [21.742455, -8.669151], [21.768442, -8.685724], [21.776767, -8.69107], [21.788429, -8.663501], [21.800821, -8.633561], [21.815321, -8.602837], [21.823395, -8.588562], [21.832038, -8.575748], [21.841263, -8.564947], [21.851083, -8.556712], [21.88065, -8.538746], [21.915328, -8.520012], [21.948665, -8.50363], [21.974206, -8.492715]]]}}, {"type": "Feature", "properties": {"PROVINCIA": "Lunda Sul", "SEDE": "Saurimo", "N_MUNIC": 14, "N_COMUNAS": 4, "ID": 15, "MUNICIPIOS": ["Saurimo", "Muconda", "Cacolo", "Dala", "Chiluage", "Cassai-Sul", "Xassengue", "Alto Chicapa", "Sombo", "Muriege", "Luma Cassai", "Cazage", "Muangueji", "Cassengo"], "COMUNAS": ["Saurimo", "Mona Quimbundo", "Xassengue", "Cucumbi"]}, "geometry": {"type": "Polygon", "coordinates": [[[22.310196, -10.706211], [22.293036, -10.678042], [22.28014, -10.655202], [22.272025, -10.637313], [22.269921, -10.630108], [22.269206, -10.624], [22.269831, -10.618935], [22.271617, -10.614225], [22.274426, -10.6098], [22.278121, -10.605592], [22.287623, -10.597557], [22.299028, -10.589571], [22.317968, -10.576119], [22.327043, -10.568287], [22.335206, -10.559426], [22.341971, -10.54932], [22.346852, -10.537752], [22.349363, -10.524504], [22.349577, -10.517182], [22.349016, -10.509358], [22.346339, -10.493344], [22.342315, -10.478643], [22.337143, -10.465081], [22.331021, -10.452485], [22.32415, -10.440678], [22.316729, -10.429488], [22.301034, -10.408259], [22.281581, -10.381234], [22.272821, -10.366809], [22.265373, -10.351441], [22.260186, -10.336746], [22.254791, -10.317785], [22.243676, -10.27042], [22.222225, -10.161449], [22.21114, -10.103479], [22.20666, -10.082554], [22.203558, -10.071703], [22.200966, -10.069532], [22.196349, -10.06708], [22.182753, -10.061657], [22.15008, -10.050982], [22.119701, -10.041277], [22.096492, -10.032227], [22.087786, -10.027605], [22.081124, -10.022737], [22.07659, -10.017486], [22.074267, -10.011716], [22.072852, -10.007806], [22.07007, -10.002825], [22.060945, -9.990261], [22.047981, -9.975254], [22.032266, -9.959032], [22.014886, -9.942827], [21.996931, -9.927868], [21.979487, -9.915385], [21.963643, -9.906607], [21.959664, -9.90409], [21.955516, -9.900076], [21.946779, -9.887929], [21.937565, -9.870902], [21.928006, -9.849732], [21.918236, -9.825156], [21.908386, -9.797909], [21.888978, -9.738353], [21.870844, -9.676956], [21.855043, -9.619611], [21.834682, -9.540649], [21.834022, -9.537811], [21.835177, -9.535125], [21.84388, -9.514797], [21.851302, -9.495413], [21.857537, -9.47696], [21.862675, -9.459425], [21.870025, -9.427064], [21.874083, -9.398231], [21.875579, -9.372829], [21.875245, -9.350759], [21.872005, -9.316227], [21.87, -9.293991], [21.872838, -9.264892], [21.880803, -9.207223], [21.893072, -9.128024], [21.90882, -9.034335], [21.927224, -8.933197], [21.947459, -8.831649], [21.968702, -8.736732], [21.979444, -8.693961], [21.990128, -8.655487], [21.994533, -8.637806], [21.997431, -8.619882], [21.998907, -8.601754], [21.999048, -8.583462], [21.997939, -8.565044], [21.995666, -8.54654], [21.992315, -8.527989], [21.987971, -8.509432], [21.965594, -8.519092], [21.934317, -8.53433], [21.900291, -8.552577], [21.86967, -8.571265], [21.861245, -8.578526], [21.853117, -8.588492], [21.845331, -8.600544], [21.837934, -8.614066], [21.824498, -8.643054], [21.813184, -8.670519], [21.800462, -8.700166], [21.795966, -8.706925], [21.791357, -8.710128], [21.788032, -8.711465], [21.783692, -8.709798], [21.768704, -8.700442], [21.744418, -8.684915], [21.713137, -8.666224], [21.696669, -8.657249], [21.680607, -8.64935], [21.665669, -8.64315], [21.652573, -8.639271], [21.648344, -8.638708], [21.64458, -8.639023], [21.641189, -8.640216], [21.63808, -8.642288], [21.633531, -8.647517], [21.629942, -8.654344], [21.627209, -8.662249], [21.625228, -8.670713], [21.623108, -8.687239], [21.62275, -8.699768], [21.622915, -8.706285], [21.616748, -8.708117], [21.559602, -8.727846], [21.547019, -8.733953], [21.536343, -8.74215], [21.527327, -8.752474], [21.519722, -8.764963], [21.513281, -8.779652], [21.507756, -8.796579], [21.502898, -8.815781], [21.498459, -8.837295], [21.494142, -8.853991], [21.488072, -8.869421], [21.48064, -8.88329], [21.472234, -8.8953], [21.463243, -8.905156], [21.454055, -8.912563], [21.445059, -8.917224], [21.436644, -8.918844], [21.430617, -8.917811], [21.425685, -8.914852], [21.422067, -8.910172], [21.419981, -8.903977], [21.416015, -8.894724], [21.407053, -8.879847], [21.378269, -8.838299], [21.341892, -8.789484], [21.306185, -8.743552], [21.28151, -8.741462], [21.239249, -8.739389], [21.213875, -8.73903], [21.186927, -8.73948], [21.159345, -8.741009], [21.132071, -8.743883], [21.119144, -8.746249], [21.108979, -8.749523], [21.101781, -8.753611], [21.097756, -8.758419], [21.096938, -8.761371], [21.096999, -8.764635], [21.099087, -8.771666], [21.106424, -8.784664], [21.111122, -8.793264], [21.111759, -8.797303], [21.110586, -8.801376], [21.108251, -8.805716], [21.102083, -8.806213], [21.097068, -8.805462], [21.093335, -8.803583], [21.088593, -8.79869], [21.084991, -8.794527], [21.077781, -8.789296], [21.06448, -8.783374], [21.042603, -8.777142], [21.033084, -8.775456], [21.025679, -8.775205], [21.020066, -8.776255], [21.015924, -8.778474], [21.01293, -8.781726], [21.010762, -8.785878], [21.007615, -8.796349], [21.00537, -8.804148], [21.002031, -8.811727], [20.999669, -8.815072], [20.996693, -8.817927], [20.992992, -8.820148], [20.988452, -8.821588], [20.962641, -8.825546], [20.922663, -8.83057], [20.851001, -8.838797], [20.849401, -8.852727], [20.84588, -8.867957], [20.840672, -8.884225], [20.834013, -8.90127], [20.826138, -8.918828], [20.817281, -8.936637], [20.797561, -8.971963], [20.776733, -9.005149], [20.756674, -9.0341], [20.739264, -9.056718], [20.72638, -9.070906], [20.713177, -9.082207], [20.701507, -9.089728], [20.688275, -9.09565], [20.67039, -9.102154], [20.642564, -9.112311], [20.601747, -9.128233], [20.574931, -9.140598], [20.555551, -9.152411], [20.542419, -9.16334], [20.534349, -9.173051], [20.530153, -9.181211], [20.528644, -9.187488], [20.528941, -9.193058], [20.530604, -9.198072], [20.526936, -9.201916], [20.522174, -9.206026], [20.510337, -9.213975], [20.50221, -9.218042], [20.492846, -9.221453], [20.482425, -9.223669], [20.471123, -9.224152], [20.463407, -9.223181], [20.455878, -9.221269], [20.448536, -9.218418], [20.441381, -9.214625], [20.434414, -9.209893], [20.427634, -9.20422], [20.421042, -9.197607], [20.414638, -9.190054], [20.40258, -9.175563], [20.394663, -9.167622], [20.388317, -9.16349], [20.385652, -9.171013], [20.380321, -9.182307], [20.376324, -9.187524], [20.370982, -9.191721], [20.370177, -9.201613], [20.370884, -9.217798], [20.37465, -9.2589], [20.380899, -9.327962], [20.382419, -9.363484], [20.381775, -9.397791], [20.380386, -9.414047], [20.378148, -9.429472], [20.374959, -9.443889], [20.370716, -9.457121], [20.365318, -9.468993], [20.35866, -9.479329], [20.350642, -9.487953], [20.341159, -9.494688], [20.319894, -9.506971], [20.302814, -9.517698], [20.289136, -9.527349], [20.278076, -9.536403], [20.268852, -9.545339], [20.260679, -9.554637], [20.244356, -9.576237], [20.230536, -9.594782], [20.222951, -9.603694], [20.215599, -9.61016], [20.208343, -9.614245], [20.201043, -9.616012], [20.193031, -9.615515], [20.18594, -9.612668], [20.179694, -9.608441], [20.174216, -9.603806], [20.164842, -9.596775], [20.161893, -9.596175], [20.159228, -9.597124], [20.118898, -9.617018], [20.016293, -9.668215], [19.969071, -9.694163], [19.952788, -9.704573], [19.943794, -9.712262], [19.94166, -9.7166], [19.940423, -9.72265], [19.940101, -9.738709], [19.941748, -9.758088], [19.944289, -9.778435], [19.947468, -9.802939], [19.949457, -9.826832], [19.949071, -9.849005], [19.947618, -9.859099], [19.945126, -9.868346], [19.939403, -9.881326], [19.931334, -9.894788], [19.921444, -9.908474], [19.910262, -9.922127], [19.886131, -9.94831], [19.863158, -9.971278], [19.85055, -9.983664], [19.84232, -9.992662], [19.836526, -9.997782], [19.828859, -10.001484], [19.819463, -10.003967], [19.808479, -10.005429], [19.78232, -10.006084], [19.751519, -10.005033], [19.723174, -10.004091], [19.694704, -10.004028], [19.679859, -10.005827], [19.666715, -10.010022], [19.655133, -10.016123], [19.644971, -10.023645], [19.636091, -10.032098], [19.628351, -10.040996], [19.615731, -10.058173], [19.609249, -10.067256], [19.603396, -10.073714], [19.596901, -10.078228], [19.593045, -10.078695], [19.588903, -10.076718], [19.586328, -10.072937], [19.586157, -10.069121], [19.588903, -10.063023], [19.593974, -10.054397], [19.601214, -10.040021], [19.609171, -10.019849], [19.616391, -9.993833], [19.617338, -9.98379], [19.61649, -9.971058], [19.614031, -9.95598], [19.610147, -9.938899], [19.598842, -9.900098], [19.584052, -9.857395], [19.567255, -9.813534], [19.549928, -9.771255], [19.5196, -9.70241], [19.333988, -9.713764], [19.316941, -9.715084], [19.301704, -9.717148], [19.288336, -9.719932], [19.2769, -9.723413], [19.267455, -9.727568], [19.260063, -9.732373], [19.254784, -9.737805], [19.251678, -9.74384], [19.250755, -9.749408], [19.251314, -9.755512], [19.253289, -9.762042], [19.256618, -9.768892], [19.261234, -9.775953], [19.267075, -9.783118], [19.274076, -9.790277], [19.282173, -9.797324], [19.288837, -9.803767], [19.294898, -9.811745], [19.300363, -9.821053], [19.305239, -9.831485], [19.309533, -9.842838], [19.313253, -9.854907], [19.318993, -9.880373], [19.322515, -9.906246], [19.323874, -9.93089], [19.323124, -9.952668], [19.320321, -9.969942], [19.317575, -9.977619], [19.314077, -9.983354], [19.309827, -9.987146], [19.304826, -9.988996], [19.299986, -9.991186], [19.292536, -9.996065], [19.271735, -10.011972], [19.220028, -10.055004], [19.156232, -10.108012], [19.128438, -10.129068], [19.116449, -10.137165], [19.106067, -10.143235], [19.066033, -10.163118], [19.022753, -10.183507], [18.939618, -10.223447], [18.927007, -10.228454], [18.915228, -10.23044], [18.909674, -10.230295], [18.904356, -10.229388], [18.899283, -10.227717], [18.894465, -10.22528], [18.889542, -10.2218], [18.885186, -10.217646], [18.878038, -10.207795], [18.872746, -10.196691], [18.869035, -10.185298], [18.865249, -10.165498], [18.864477, -10.156103], [18.863134, -10.13457], [18.86098, -10.114983], [18.858017, -10.097358], [18.854249, -10.081714], [18.849676, -10.068067], [18.8443, -10.056435], [18.838125, -10.046835], [18.831152, -10.039285], [18.825618, -10.035042], [18.819929, -10.031977], [18.814149, -10.029918], [18.808344, -10.028695], [18.796916, -10.028076], [18.786164, -10.028758], [18.778418, -10.029285], [18.771671, -10.028924], [18.762759, -10.026085], [18.750865, -10.019987], [18.717191, -9.999013], [18.674908, -9.972844], [18.655142, -9.962757], [18.647763, -9.960238], [18.642875, -9.960078], [18.641911, -9.962822], [18.641427, -9.967121], [18.641723, -9.97973], [18.646149, -10.016396], [18.66054, -10.098776], [18.669057, -10.145235], [18.671856, -10.163496], [18.673205, -10.177155], [18.671987, -10.18541], [18.667906, -10.193563], [18.661258, -10.2017], [18.652333, -10.209908], [18.641425, -10.218272], [18.628826, -10.226878], [18.599727, -10.245161], [18.560833, -10.269839], [18.542018, -10.283116], [18.524874, -10.296944], [18.510338, -10.311265], [18.504342, -10.318593], [18.499349, -10.326023], [18.495476, -10.333548], [18.492842, -10.341161], [18.491563, -10.348854], [18.491756, -10.356621], [18.492647, -10.366893], [18.492733, -10.376729], [18.490743, -10.395166], [18.486289, -10.412075], [18.479872, -10.427603], [18.471994, -10.441893], [18.463156, -10.45509], [18.444611, -10.478786], [18.428262, -10.499607], [18.422236, -10.509258], [18.418291, -10.518548], [18.417616, -10.52479], [18.418848, -10.531726], [18.421805, -10.539247], [18.42631, -10.547243], [18.432182, -10.555606], [18.439242, -10.564225], [18.45621, -10.581799], [18.475779, -10.59909], [18.496514, -10.615225], [18.51698, -10.629331], [18.535742, -10.640534], [18.549901, -10.648597], [18.564553, -10.657927], [18.579021, -10.668619], [18.592627, -10.680768], [18.604693, -10.694468], [18.609938, -10.701929], [18.614543, -10.709813], [18.618424, -10.718133], [18.621497, -10.7269], [18.623678, -10.736125], [18.62488, -10.745821], [18.624959, -10.755191], [18.623811, -10.763367], [18.621616, -10.770517], [18.618554, -10.776811], [18.610546, -10.7875], [18.601225, -10.796784], [18.59217, -10.805872], [18.583878, -10.816605], [18.580316, -10.823063], [18.577302, -10.830502], [18.574955, -10.839112], [18.573394, -10.849084], [18.573903, -10.858585], [18.577104, -10.869643], [18.582709, -10.882036], [18.590428, -10.895545], [18.599971, -10.909947], [18.611049, -10.925022], [18.63665, -10.956307], [18.664914, -10.98763], [18.693523, -11.017224], [18.720161, -11.04332], [18.742508, -11.06415], [18.746245, -11.064602], [18.75086, -11.066157], [18.762892, -11.072673], [18.778941, -11.083884], [18.799346, -11.099977], [18.854574, -11.147552], [18.93128, -11.216887], [18.992369, -11.272261], [19.014953, -11.291733], [19.027588, -11.300944], [19.035017, -11.302876], [19.045807, -11.303851], [19.072906, -11.304113], [19.106284, -11.304457], [19.123149, -11.305634], [19.139365, -11.307979], [19.154355, -11.311868], [19.167542, -11.317673], [19.17328, -11.321412], [19.178352, -11.32577], [19.182685, -11.330794], [19.186207, -11.336531], [19.189133, -11.345017], [19.190113, -11.354855], [19.189356, -11.365834], [19.187068, -11.377745], [19.183457, -11.390376], [19.178728, -11.403517], [19.16675, -11.430487], [19.152787, -11.456972], [19.138498, -11.481287], [19.115559, -11.516672], [19.118936, -11.521192], [19.121454, -11.526225], [19.124722, -11.536388], [19.128224, -11.545756], [19.132618, -11.543037], [19.138696, -11.538233], [19.147882, -11.52954], [19.157841, -11.520883], [19.169529, -11.512894], [19.182653, -11.505575], [19.196917, -11.498923], [19.212029, -11.49294], [19.227695, -11.487623], [19.259511, -11.478991], [19.290015, -11.473021], [19.316855, -11.469711], [19.337682, -11.469057], [19.345105, -11.469725], [19.350144, -11.471055], [19.353373, -11.471236], [19.358347, -11.470481], [19.372619, -11.466273], [19.391138, -11.458649], [19.412086, -11.447829], [19.433643, -11.434032], [19.444081, -11.426085], [19.45399, -11.417476], [19.463141, -11.408233], [19.471307, -11.398382], [19.478261, -11.387952], [19.483775, -11.376969], [19.489542, -11.364564], [19.495505, -11.354015], [19.501619, -11.345185], [19.507837, -11.337941], [19.514114, -11.332147], [19.520404, -11.32767], [19.52666, -11.324374], [19.532838, -11.322125], [19.544773, -11.32023], [19.555842, -11.320908], [19.565679, -11.323081], [19.573916, -11.325674], [19.580229, -11.328797], [19.585201, -11.333128], [19.592736, -11.343723], [19.599378, -11.353237], [19.603788, -11.358016], [19.609379, -11.362581], [19.616494, -11.366763], [19.625472, -11.37039], [19.636657, -11.373293], [19.650389, -11.375301], [19.68348, -11.377416], [19.710324, -11.377164], [19.730608, -11.375564], [19.744019, -11.373634], [19.744254, -11.358398], [19.746751, -11.339874], [19.749341, -11.330721], [19.753089, -11.322355], [19.758191, -11.315314], [19.764845, -11.310133], [19.769564, -11.308183], [19.77459, -11.307217], [19.779921, -11.307234], [19.785552, -11.308232], [19.79148, -11.310209], [19.797699, -11.313164], [19.811, -11.321996], [19.822625, -11.332623], [19.830532, -11.342875], [19.835311, -11.352646], [19.837553, -11.361829], [19.837851, -11.370314], [19.836796, -11.377994], [19.832993, -11.390511], [19.831825, -11.393681], [19.839097, -11.393534], [19.852993, -11.392013], [19.863568, -11.390204], [19.871782, -11.388056], [19.877979, -11.385611], [19.882498, -11.382906], [19.885683, -11.379982], [19.887875, -11.376878], [19.890646, -11.370286], [19.894957, -11.360378], [19.898225, -11.356114], [19.902676, -11.352429], [19.908643, -11.349409], [19.916458, -11.347143], [19.926453, -11.345719], [19.938959, -11.345225], [19.953967, -11.345744], [19.966461, -11.347185], [19.976752, -11.349375], [19.985152, -11.352138], [19.991975, -11.3553], [19.997533, -11.358687], [20.006104, -11.365437], [20.014331, -11.371421], [20.019107, -11.37306], [20.025432, -11.373634], [20.030086, -11.373272], [20.034005, -11.372211], [20.037314, -11.370488], [20.040139, -11.36814], [20.044832, -11.361719], [20.049087, -11.353243], [20.055358, -11.341276], [20.059657, -11.336347], [20.065255, -11.332688], [20.06792, -11.323663], [20.070996, -11.311508], [20.073935, -11.305159], [20.078416, -11.299225], [20.084897, -11.294153], [20.093834, -11.290389], [20.105684, -11.28838], [20.120903, -11.288572], [20.151151, -11.293646], [20.199346, -11.304749], [20.259583, -11.32097], [20.325959, -11.3414], [20.359604, -11.352908], [20.39257, -11.365128], [20.424118, -11.377944], [20.45351, -11.391244], [20.480009, -11.404913], [20.502877, -11.418837], [20.521375, -11.432904], [20.528755, -11.439955], [20.534766, -11.446999], [20.602122, -11.480172], [20.669419, -11.511879], [20.734317, -11.540968], [20.794478, -11.566285], [20.847562, -11.586675], [20.89123, -11.600984], [20.908803, -11.605499], [20.923144, -11.60806], [20.933962, -11.608525], [20.937959, -11.607926], [20.940964, -11.606749], [20.951196, -11.59893], [20.95905, -11.589558], [20.965526, -11.578714], [20.971625, -11.566477], [20.982447, -11.545591], [20.98944, -11.534697], [20.998094, -11.523736], [21.008865, -11.512885], [21.022208, -11.50232], [21.038577, -11.492217], [21.058428, -11.482752], [21.088229, -11.468977], [21.119265, -11.452613], [21.182719, -11.416069], [21.224617, -11.391752], [21.263861, -11.370517], [21.282028, -11.361805], [21.298981, -11.354764], [21.314535, -11.349693], [21.328508, -11.346892], [21.398013, -11.337539], [21.498646, -11.322454], [21.594935, -11.306806], [21.630365, -11.300386], [21.651405, -11.295763], [21.650073, -11.268691], [21.647235, -11.217705], [21.646822, -11.188091], [21.647865, -11.157228], [21.650954, -11.126239], [21.65345, -11.111049], [21.65668, -11.096249], [21.660715, -11.08198], [21.665631, -11.068382], [21.671501, -11.055595], [21.678398, -11.04376], [21.691691, -11.024849], [21.704515, -11.008774], [21.728386, -10.982436], [21.747157, -10.961726], [21.755014, -10.951377], [21.761726, -10.940309], [21.767196, -10.92798], [21.771329, -10.913848], [21.77403, -10.897369], [21.775202, -10.878002], [21.77602, -10.846893], [21.777476, -10.820264], [21.779939, -10.797771], [21.783782, -10.779068], [21.789374, -10.763813], [21.792942, -10.75737], [21.797086, -10.751659], [21.801853, -10.746638], [21.807289, -10.742264], [21.813441, -10.738493], [21.820354, -10.735282], [21.82863, -10.733447], [21.84427, -10.731394], [21.893478, -10.727048], [21.959659, -10.72307], [22.03449, -10.720287], [22.10965, -10.719524], [22.144752, -10.720159], [22.176817, -10.721609], [22.204803, -10.723977], [22.22767, -10.727367], [22.244379, -10.731881], [22.250098, -10.734593], [22.253888, -10.737624], [22.260941, -10.743664], [22.270557, -10.749124], [22.282094, -10.754005], [22.294912, -10.758307], [22.32183, -10.76517], [22.346186, -10.769711], [22.33979, -10.756195], [22.331004, -10.740405], [22.310196, -10.706211]]]}}, {"type": "Feature", "properties": {"PROVINCIA": "Moxico Leste", "SEDE": "Cazombo", "N_MUNIC": 9, "N_COMUNAS": 4, "ID": 18, "MUNICIPIOS": ["Cazombo", "Luacano", "Cameia", "Luau", "Nana Candundo", "Macondo", "Caianda", "Lóvua do Zambeze", "Lago Dilolo"], "COMUNAS": ["Cazombo", "Lumbala Caquengue", "Macondo", "Calunda"]}, "geometry": {"type": "Polygon", "coordinates": [[[24.089433, -12.531218], [24.09, -12.524316], [24.089577, -12.517235], [24.088255, -12.510018], [24.086126, -12.502703], [24.079815, -12.487947], [24.071373, -12.473296], [24.061534, -12.459074], [24.05103, -12.445611], [24.030955, -12.422265], [24.013979, -12.40184], [24.010265, -12.395478], [24.009128, -12.390178], [24.009293, -12.381663], [24.009782, -12.357227], [24.009353, -12.319523], [24.006644, -12.269693], [24.00401, -12.240588], [24.000295, -12.208879], [23.998673, -12.191825], [23.998221, -12.175407], [23.998811, -12.159661], [24.000317, -12.144624], [24.002612, -12.130333], [24.005568, -12.116822], [24.012959, -12.092293], [24.021474, -12.071328], [24.0301, -12.054218], [24.043621, -12.032735], [24.030297, -11.991662], [24.022685, -11.963829], [24.016146, -11.934234], [24.011957, -11.905202], [24.011143, -11.891625], [24.011398, -11.879061], [24.012879, -11.867801], [24.015748, -11.858136], [24.020163, -11.850357], [24.026285, -11.844754], [24.031806, -11.83928], [24.036564, -11.830613], [24.040654, -11.819287], [24.044173, -11.805836], [24.049878, -11.774699], [24.054446, -11.741478], [24.058887, -11.70902], [24.064254, -11.677725], [24.07134, -11.649315], [24.075778, -11.63673], [24.080943, -11.625513], [24.085153, -11.615472], [24.087795, -11.604262], [24.089067, -11.591859], [24.089165, -11.578236], [24.086631, -11.547228], [24.081768, -11.511036], [24.075303, -11.462787], [24.069896, -11.405888], [24.068294, -11.374018], [24.067802, -11.339774], [24.068701, -11.303086], [24.071273, -11.263882], [24.075656, -11.211064], [24.079105, -11.159028], [24.079912, -11.136427], [24.079805, -11.11777], [24.078558, -11.104306], [24.077436, -11.099912], [24.075943, -11.097284], [24.072567, -11.099134], [24.067696, -11.103438], [24.054986, -11.117188], [24.02829, -11.149749], [24.00513, -11.180169], [23.989225, -11.200953], [23.981975, -11.209256], [23.97476, -11.216247], [23.967254, -11.221985], [23.959131, -11.226531], [23.950067, -11.229944], [23.939734, -11.232285], [23.927809, -11.233613], [23.913964, -11.233989], [23.879217, -11.232123], [23.832888, -11.227167], [23.772373, -11.219601], [23.724708, -11.2127], [23.682876, -11.205182], [23.646413, -11.197275], [23.614857, -11.18921], [23.587745, -11.181214], [23.564615, -11.173519], [23.528449, -11.159944], [23.502996, -11.15067], [23.493768, -11.148523], [23.486291, -11.148413], [23.474844, -11.1521], [23.457314, -11.160256], [23.409654, -11.186102], [23.303522, -11.24885], [23.249701, -11.280772], [23.244821, -11.282932], [23.238692, -11.284666], [23.222783, -11.286944], [23.202168, -11.287773], [23.17704, -11.287322], [23.114019, -11.283255], [23.035269, -11.276088], [22.938158, -11.267626], [22.90161, -11.266145], [22.888667, -11.266608], [22.880166, -11.26807], [22.84554, -11.278781], [22.825852, -11.283914], [22.804889, -11.288492], [22.782879, -11.292208], [22.760055, -11.294757], [22.736645, -11.295833], [22.712879, -11.29513], [22.698479, -11.292966], [22.68373, -11.288702], [22.668751, -11.282682], [22.653662, -11.275251], [22.623628, -11.257538], [22.594578, -11.238324], [22.560512, -11.21639], [22.546367, -11.209041], [22.540603, -11.206971], [22.535935, -11.206237], [22.531813, -11.207886], [22.52717, -11.212446], [22.522161, -11.219332], [22.516937, -11.227962], [22.506457, -11.248115], [22.49695, -11.268235], [22.483895, -11.295551], [22.477472, -11.307678], [22.470998, -11.318342], [22.464383, -11.327213], [22.457539, -11.33396], [22.450374, -11.33825], [22.442799, -11.339754], [22.432824, -11.341515], [22.42067, -11.346292], [22.407126, -11.353325], [22.392981, -11.361853], [22.366042, -11.38036], [22.346161, -11.395732], [22.343496, -11.397069], [22.318489, -11.40502], [22.304661, -11.408616], [22.29087, -11.41142], [22.277805, -11.413025], [22.266157, -11.413027], [22.256613, -11.411021], [22.252847, -11.409139], [22.249865, -11.406602], [22.2476, -11.403167], [22.246258, -11.398555], [22.24651, -11.392659], [22.249028, -11.385372], [22.25004, -11.381598], [22.250305, -11.375905], [22.248836, -11.359444], [22.24511, -11.337364], [22.239615, -11.311035], [22.225268, -11.251125], [22.2097, -11.190696], [22.187771, -11.104261], [22.180017, -11.070979], [22.174466, -11.043767], [22.171164, -11.022211], [22.170158, -11.005895], [22.171495, -10.994405], [22.173056, -10.99034], [22.17522, -10.987326], [22.180426, -10.983224], [22.187792, -10.978972], [22.207841, -10.970193], [22.233052, -10.961349], [22.261109, -10.952798], [22.3165, -10.938004], [22.355489, -10.928675], [22.356866, -10.877034], [22.356945, -10.845155], [22.355996, -10.818386], [22.332737, -10.814487], [22.301386, -10.807144], [22.285224, -10.801985], [22.270096, -10.79573], [22.257023, -10.7883], [22.251575, -10.78412], [22.247023, -10.779616], [22.243963, -10.777727], [22.239081, -10.776005], [22.224319, -10.773042], [22.203685, -10.770697], [22.178126, -10.768939], [22.116023, -10.767052], [22.045591, -10.767127], [21.974408, -10.76891], [21.910055, -10.772145], [21.860112, -10.77658], [21.842912, -10.779167], [21.832157, -10.781958], [21.822604, -10.787057], [21.815027, -10.794192], [21.809185, -10.803894], [21.804834, -10.816692], [21.801732, -10.833117], [21.799638, -10.853699], [21.797499, -10.909456], [21.796111, -10.931147], [21.792932, -10.949706], [21.788139, -10.965664], [21.78191, -10.979554], [21.774423, -10.991909], [21.765856, -11.003262], [21.746191, -11.02509], [21.723117, -11.050512], [21.710767, -11.065957], [21.698043, -11.084085], [21.691673, -11.09507], [21.686264, -11.107116], [21.681745, -11.120063], [21.678048, -11.133754], [21.672837, -11.162739], [21.670069, -11.192805], [21.669183, -11.222692], [21.66962, -11.251135], [21.672218, -11.298642], [21.673673, -11.328496], [21.67273, -11.335045], [21.670378, -11.338914], [21.665075, -11.341328], [21.653838, -11.344364], [21.616867, -11.351891], [21.50806, -11.369894], [21.396816, -11.38636], [21.335995, -11.394727], [21.323243, -11.397278], [21.308748, -11.402095], [21.292719, -11.408874], [21.275365, -11.417311], [21.237515, -11.437947], [21.196869, -11.461575], [21.132598, -11.498543], [21.101039, -11.51515], [21.070573, -11.52925], [21.052742, -11.537753], [21.038072, -11.546766], [21.026131, -11.55617], [21.016487, -11.565848], [21.00871, -11.575683], [21.002367, -11.585558], [20.99226, -11.604957], [20.985546, -11.618337], [20.977875, -11.630919], [20.96811, -11.64234], [20.962087, -11.647503], [20.955114, -11.652242], [20.950255, -11.654235], [20.944044, -11.655295], [20.936564, -11.655471], [20.927898, -11.654813], [20.907342, -11.651189], [20.88304, -11.644817], [20.855658, -11.63609], [20.82586, -11.625402], [20.761674, -11.599713], [20.695802, -11.570897], [20.633562, -11.542103], [20.541251, -11.497162], [20.53642, -11.530757], [20.534495, -11.559746], [20.534652, -11.571525], [20.535571, -11.580965], [20.537263, -11.587671], [20.539741, -11.591249], [20.595224, -11.625003], [20.745576, -11.716264], [20.796283, -11.749007], [20.812286, -11.760478], [20.820823, -11.768042], [20.824737, -11.7756], [20.828815, -11.788625], [20.833, -11.80637], [20.837235, -11.828086], [20.845622, -11.880439], [20.853517, -11.939702], [20.860459, -11.99989], [20.865988, -12.055018], [20.869643, -12.099102], [20.870964, -12.126159], [20.87188, -12.136199], [20.874493, -12.147387], [20.878597, -12.159518], [20.883985, -12.172389], [20.897792, -12.199535], [20.914268, -12.227193], [20.931767, -12.253731], [20.948642, -12.277517], [20.973934, -12.310309], [20.976456, -12.314308], [20.977994, -12.319015], [20.978501, -12.324381], [20.977932, -12.330356], [20.976369, -12.336978], [20.973812, -12.344174], [20.966144, -12.359842], [20.955786, -12.37647], [20.943595, -12.393166], [20.930426, -12.40904], [20.917138, -12.423201], [20.904586, -12.434758], [20.893629, -12.442821], [20.890963, -12.446385], [20.888516, -12.452627], [20.884237, -12.472035], [20.880702, -12.498822], [20.877826, -12.530763], [20.873695, -12.601208], [20.871141, -12.665576], [20.867115, -12.75205], [20.864738, -12.773341], [20.863246, -12.779774], [20.861471, -12.783883], [20.855652, -12.790179], [20.84741, -12.79546], [20.837446, -12.799809], [20.826461, -12.803308], [20.804232, -12.808084], [20.78633, -12.810447], [20.785353, -12.817631], [20.78525, -12.826395], [20.786896, -12.835627], [20.788648, -12.840071], [20.791166, -12.844214], [20.796816, -12.84966], [20.804497, -12.853463], [20.814176, -12.855607], [20.825823, -12.856077], [20.838663, -12.856438], [20.852455, -12.858053], [20.867023, -12.860781], [20.882195, -12.864483], [20.913655, -12.874245], [20.945444, -12.886219], [20.976172, -12.899281], [21.004448, -12.91231], [21.048085, -12.933782], [21.054418, -12.937117], [21.086072, -12.952341], [21.119852, -12.967177], [21.152444, -12.979727], [21.16726, -12.984551], [21.180536, -12.988093], [21.190462, -12.991182], [21.19869, -12.995511], [21.205506, -13.001008], [21.211193, -13.007597], [21.216037, -13.015204], [21.220322, -13.023756], [21.228354, -13.043396], [21.237226, -13.065417], [21.249344, -13.090694], [21.264839, -13.122272], [21.280114, -13.152829], [21.288238, -13.166665], [21.297273, -13.17945], [21.307659, -13.191114], [21.319834, -13.201589], [21.334239, -13.210807], [21.351313, -13.2187], [21.363061, -13.224024], [21.376225, -13.231363], [21.40588, -13.25105], [21.438445, -13.275684], [21.472087, -13.303188], [21.535264, -13.358492], [21.580745, -13.400343], [21.591735, -13.41036], [21.595363, -13.412015], [21.60238, -13.413828], [21.629643, -13.417799], [21.679646, -13.422019], [21.758514, -13.426232], [21.766179, -13.426575], [21.7729, -13.427677], [21.780769, -13.430304], [21.799312, -13.439457], [21.820528, -13.452676], [21.84314, -13.468602], [21.887435, -13.503138], [21.921968, -13.532193], [21.93363, -13.11993], [24.029115, -13.177588], [23.948456, -13.087475], [23.905665, -13.038516], [23.877666, -13.004626], [23.874058, -12.999117], [23.871428, -12.993623], [23.869702, -12.988155], [23.868805, -12.982724], [23.869198, -12.972021], [23.872003, -12.961602], [23.876621, -12.95156], [23.882449, -12.941984], [23.895332, -12.924592], [23.905471, -12.910924], [23.909366, -12.904705], [23.911994, -12.899021], [23.914742, -12.887376], [23.916807, -12.871979], [23.919279, -12.832845], [23.920189, -12.787443], [23.920319, -12.7416], [23.920827, -12.734671], [23.922308, -12.727669], [23.924702, -12.720595], [23.927949, -12.713451], [23.936758, -12.698958], [23.948246, -12.684203], [23.96193, -12.669198], [23.977321, -12.653953], [24.011285, -12.622796], [24.038354, -12.597934], [24.062609, -12.573685], [24.072646, -12.562118], [24.080738, -12.551097], [24.086472, -12.540753], [24.089433, -12.531218]]]}}, {"type": "Feature", "properties": {"PROVINCIA": "Moxico", "SEDE": "Luena", "N_MUNIC": 12, "N_COMUNAS": 13, "ID": 17, "MUNICIPIOS": ["Luena", "Cangamba", "Lumbala Nguimbo", "Camanongue", "Léua", "Lutembo", "Lucusse", "Cangumbe", "Chiúme", "Alto Cuito", "Ninda", "Lutuai"], "COMUNAS": ["Luena", "Cassongo", "Cangombe", "Cassamba", "Cangamba", "Muié", "Lumbala Nguimbo", "Mussuma Mitete", "Sessa", "Léua", "Liangongo", "Lutembo", "Luvuei"]}, "geometry": {"type": "Polygon", "coordinates": [[[21.912345, -13.538759], [21.870782, -13.503408], [21.825142, -13.467742], [21.803522, -13.452357], [21.784157, -13.439971], [21.768138, -13.431612], [21.761724, -13.429262], [21.756556, -13.428304], [21.748904, -13.427961], [21.673384, -13.423966], [21.620484, -13.419512], [21.601677, -13.417011], [21.587517, -13.414272], [21.577668, -13.411253], [21.571795, -13.407914], [21.560462, -13.397553], [21.520244, -13.360586], [21.483458, -13.327773], [21.450133, -13.299136], [21.420296, -13.274692], [21.393972, -13.254462], [21.371191, -13.238464], [21.351978, -13.226719], [21.33636, -13.219245], [21.317156, -13.210387], [21.300966, -13.200059], [21.287323, -13.18839], [21.275757, -13.175512], [21.265799, -13.161552], [21.256981, -13.14664], [21.24089, -13.114481], [21.225572, -13.083564], [21.212928, -13.056948], [21.203909, -13.034599], [21.196316, -13.015967], [21.189036, -13.002831], [21.184928, -12.998046], [21.180196, -12.9943], [21.174604, -12.991481], [21.167919, -12.989478], [21.154086, -12.985798], [21.138732, -12.980811], [21.105126, -12.967885], [21.070426, -12.952639], [21.037955, -12.937013], [21.031623, -12.933843], [20.99065, -12.913661], [20.963131, -12.900981], [20.932995, -12.888111], [20.901797, -12.876206], [20.87109, -12.866418], [20.856407, -12.862679], [20.84243, -12.859901], [20.829352, -12.858228], [20.817369, -12.857806], [20.801588, -12.856923], [20.788245, -12.853518], [20.782489, -12.850865], [20.777342, -12.847577], [20.772805, -12.84365], [20.768878, -12.839083], [20.763955, -12.830687], [20.761029, -12.821843], [20.759697, -12.813015], [20.759551, -12.804665], [20.761194, -12.791245], [20.762711, -12.785281], [20.764386, -12.779935], [20.769881, -12.779426], [20.789744, -12.777032], [20.810682, -12.772787], [20.820193, -12.770059], [20.828339, -12.766974], [20.834576, -12.763568], [20.838359, -12.759876], [20.840628, -12.746366], [20.842504, -12.720195], [20.845516, -12.649918], [20.849979, -12.549719], [20.852605, -12.510611], [20.855705, -12.478452], [20.859437, -12.452958], [20.86396, -12.433846], [20.866568, -12.426595], [20.869432, -12.420833], [20.872573, -12.416524], [20.876012, -12.413634], [20.885763, -12.406377], [20.897102, -12.395842], [20.90921, -12.382903], [20.921269, -12.368432], [20.932461, -12.353302], [20.941967, -12.338389], [20.948969, -12.324563], [20.95265, -12.3127], [20.95284, -12.30817], [20.952155, -12.306018], [20.935044, -12.284103], [20.917921, -12.26083], [20.898377, -12.232343], [20.87888, -12.200887], [20.869921, -12.184749], [20.861898, -12.16871], [20.855122, -12.153053], [20.849899, -12.138058], [20.84654, -12.124005], [20.845351, -12.111176], [20.843949, -12.079809], [20.84013, -12.034281], [20.834476, -11.979949], [20.827569, -11.922172], [20.819989, -11.866307], [20.812318, -11.817712], [20.805138, -11.781744], [20.801914, -11.770171], [20.799031, -11.763763], [20.789116, -11.755566], [20.769336, -11.742031], [20.709774, -11.704353], [20.577771, -11.62439], [20.521464, -11.590305], [20.51783, -11.586975], [20.514893, -11.582465], [20.512601, -11.576912], [20.5109, -11.570452], [20.509059, -11.555357], [20.508946, -11.538269], [20.510138, -11.52028], [20.51221, -11.502482], [20.517301, -11.471819], [20.517301, -11.471653], [20.511598, -11.465357], [20.504605, -11.459009], [20.48709, -11.446222], [20.465435, -11.433415], [20.44032, -11.420712], [20.412423, -11.408238], [20.382425, -11.396115], [20.351004, -11.384467], [20.318839, -11.373418], [20.254995, -11.353611], [20.196327, -11.337684], [20.148269, -11.326625], [20.129917, -11.32323], [20.116255, -11.321424], [20.106044, -11.32098], [20.098177, -11.321693], [20.092309, -11.323431], [20.088098, -11.326066], [20.085199, -11.329469], [20.083268, -11.333509], [20.080937, -11.342985], [20.077605, -11.354891], [20.07419, -11.360138], [20.06878, -11.364037], [20.066681, -11.365759], [20.064647, -11.368658], [20.060772, -11.376409], [20.055906, -11.386113], [20.048697, -11.395896], [20.043813, -11.400097], [20.037861, -11.403454], [20.030683, -11.40568], [20.022117, -11.406486], [20.011714, -11.405427], [20.003733, -11.402646], [19.997405, -11.398737], [19.991964, -11.394292], [19.984711, -11.388585], [19.974556, -11.383363], [19.967618, -11.381224], [19.959027, -11.379552], [19.948477, -11.378465], [19.935656, -11.378076], [19.91914, -11.37907], [19.913764, -11.380265], [19.909887, -11.381882], [19.907188, -11.383891], [19.905352, -11.38626], [19.902991, -11.39195], [19.898419, -11.402331], [19.89492, -11.407188], [19.890164, -11.411709], [19.883815, -11.415806], [19.875536, -11.419394], [19.864993, -11.422387], [19.851848, -11.424699], [19.83656, -11.426381], [19.825788, -11.426352], [19.818547, -11.424537], [19.813853, -11.420856], [19.811441, -11.41603], [19.811184, -11.410956], [19.814018, -11.400809], [19.81718, -11.390775], [19.817916, -11.385244], [19.817561, -11.379333], [19.815724, -11.373016], [19.812008, -11.366264], [19.806021, -11.35905], [19.797368, -11.351347], [19.788585, -11.345213], [19.780867, -11.341399], [19.7744, -11.339969], [19.769372, -11.340987], [19.765738, -11.344231], [19.762809, -11.349312], [19.760542, -11.355828], [19.75889, -11.363374], [19.757255, -11.379944], [19.757545, -11.395794], [19.758205, -11.402642], [19.751542, -11.404487], [19.743723, -11.406211], [19.723095, -11.409017], [19.708133, -11.410066], [19.690157, -11.410474], [19.669229, -11.409938], [19.645411, -11.408153], [19.628882, -11.405632], [19.615289, -11.401877], [19.604278, -11.397162], [19.59549, -11.391759], [19.588569, -11.385941], [19.583157, -11.37998], [19.575436, -11.368721], [19.570312, -11.361263], [19.567983, -11.359017], [19.565435, -11.357699], [19.55029, -11.353605], [19.54179, -11.353182], [19.532864, -11.354918], [19.523656, -11.359623], [19.518992, -11.363341], [19.514312, -11.368105], [19.504975, -11.381174], [19.49579, -11.399638], [19.491892, -11.407883], [19.487241, -11.415881], [19.475965, -11.431085], [19.462534, -11.44515], [19.447517, -11.457975], [19.431484, -11.469461], [19.415006, -11.479508], [19.398654, -11.488015], [19.382996, -11.494882], [19.371481, -11.499047], [19.359589, -11.502363], [19.348696, -11.50386], [19.344055, -11.503624], [19.340179, -11.50257], [19.330403, -11.50173], [19.31233, -11.502817], [19.288223, -11.505968], [19.260346, -11.511324], [19.230961, -11.519021], [19.202332, -11.5292], [19.189008, -11.535263], [19.176722, -11.541998], [19.165757, -11.549423], [19.156394, -11.557555], [19.14496, -11.568088], [19.135365, -11.574802], [19.127204, -11.577946], [19.123535, -11.578256], [19.120074, -11.577767], [19.116821, -11.576507], [19.114131, -11.574671], [19.110123, -11.569664], [19.107427, -11.563529], [19.105417, -11.557046], [19.102522, -11.548068], [19.100611, -11.544687], [19.098246, -11.542842], [19.093351, -11.542377], [19.08757, -11.543498], [19.080954, -11.546035], [19.073552, -11.549821], [19.056596, -11.560467], [19.037103, -11.574089], [18.998791, -11.600334], [18.990751, -11.606015], [18.985069, -11.611167], [18.981462, -11.615998], [18.979646, -11.620715], [18.979337, -11.625527], [18.980254, -11.630641], [18.984628, -11.642604], [18.988802, -11.653462], [18.992288, -11.6659], [18.993903, -11.680185], [18.993637, -11.688103], [18.992458, -11.696584], [18.990805, -11.703075], [18.988512, -11.709033], [18.982237, -11.719473], [18.9741, -11.72815], [18.964568, -11.735311], [18.954106, -11.741203], [18.943182, -11.746073], [18.92181, -11.753733], [18.907835, -11.758578], [18.902151, -11.761113], [18.89898, -11.763432], [18.901315, -11.770445], [18.903961, -11.781375], [18.906175, -11.794793], [18.906683, -11.810021], [18.905899, -11.818103], [18.90421, -11.826382], [18.901457, -11.834775], [18.89748, -11.843197], [18.892121, -11.851563], [18.88522, -11.859789], [18.876616, -11.86779], [18.866153, -11.87548], [18.853668, -11.882776], [18.839004, -11.889593], [18.81941, -11.898837], [18.804651, -11.90818], [18.79403, -11.917865], [18.786854, -11.928132], [18.782427, -11.939221], [18.780054, -11.951374], [18.778686, -11.979835], [18.777919, -12.005606], [18.776698, -12.019871], [18.774524, -12.035139], [18.773134, -12.04536], [18.772626, -12.055113], [18.773713, -12.073347], [18.776706, -12.090108], [18.780526, -12.105665], [18.785705, -12.128972], [18.786668, -12.140344], [18.78573, -12.151527], [18.782276, -12.162524], [18.775694, -12.173333], [18.76537, -12.183956], [18.750691, -12.194392], [18.735097, -12.204824], [18.720437, -12.216805], [18.706722, -12.230322], [18.693964, -12.245357], [18.682175, -12.261897], [18.671365, -12.279926], [18.661547, -12.299428], [18.652733, -12.320388], [18.649008, -12.326141], [18.642166, -12.332644], [18.632519, -12.339743], [18.62038, -12.347283], [18.58987, -12.363065], [18.553133, -12.378752], [18.512663, -12.393109], [18.491807, -12.399401], [18.470955, -12.404896], [18.450417, -12.409439], [18.430505, -12.412875], [18.411531, -12.415051], [18.393808, -12.41581], [18.384325, -12.416742], [18.375114, -12.419443], [18.366167, -12.423769], [18.35748, -12.429578], [18.349047, -12.436728], [18.340862, -12.445076], [18.325211, -12.464793], [18.310482, -12.487588], [18.296627, -12.512319], [18.271357, -12.563023], [18.254508, -12.597398], [18.238695, -12.626069], [18.230932, -12.637678], [18.223134, -12.647155], [18.215203, -12.654267], [18.207042, -12.658777], [18.200256, -12.662463], [18.195366, -12.667621], [18.192143, -12.674232], [18.190358, -12.682279], [18.189785, -12.691744], [18.190193, -12.702608], [18.193044, -12.728463], [18.195468, -12.748562], [18.196921, -12.76932], [18.196185, -12.790078], [18.194615, -12.800251], [18.192041, -12.810177], [18.189091, -12.817833], [18.185347, -12.824607], [18.180885, -12.830555], [18.175779, -12.835735], [18.170102, -12.840206], [18.16393, -12.844023], [18.150393, -12.849932], [18.135762, -12.853921], [18.12063, -12.856451], [18.09124, -12.858977], [18.067146, -12.861083], [18.057667, -12.862943], [18.051418, -12.865825], [18.049604, -12.868365], [18.04884, -12.871838], [18.050048, -12.881138], [18.054224, -12.892828], [18.060547, -12.90601], [18.076354, -12.933264], [18.090911, -12.955723], [18.101406, -12.971773], [18.103438, -12.975986], [18.104531, -12.980544], [18.104686, -12.985353], [18.103906, -12.990318], [18.101415, -12.996714], [18.097406, -13.003342], [18.092013, -13.010167], [18.085368, -13.017149], [18.068859, -13.031441], [18.048946, -13.045921], [18.026698, -13.06029], [18.003183, -13.074253], [17.956619, -13.099767], [17.949793, -13.104227], [17.943958, -13.109855], [17.938966, -13.116504], [17.93467, -13.124027], [17.927568, -13.14111], [17.921467, -13.159933], [17.912991, -13.185292], [17.907852, -13.197157], [17.901631, -13.207892], [17.900492, -13.210284], [17.900095, -13.212935], [17.9013, -13.218912], [17.904786, -13.22563], [17.910091, -13.232895], [17.924319, -13.248288], [17.940299, -13.263539], [17.955692, -13.278073], [17.968385, -13.291716], [17.973246, -13.298257], [17.976864, -13.304639], [17.97905, -13.310883], [17.979615, -13.31701], [17.978905, -13.320999], [17.977292, -13.324951], [17.971466, -13.332803], [17.962352, -13.340682], [17.950165, -13.348703], [17.935119, -13.356982], [17.91743, -13.365634], [17.874981, -13.38452], [17.84105, -13.399454], [17.82805, -13.405971], [17.820006, -13.411249], [17.818162, -13.414109], [17.816506, -13.418831], [17.813747, -13.433307], [17.811699, -13.453566], [17.810336, -13.478498], [17.809552, -13.53794], [17.811173, -13.602755], [17.840767, -13.60124], [17.882481, -13.600883], [17.905033, -13.601814], [17.927194, -13.603846], [17.947824, -13.607247], [17.965782, -13.612289], [17.975517, -13.616418], [17.984765, -13.621337], [18.002044, -13.633066], [18.018101, -13.64652], [18.033422, -13.660745], [18.048349, -13.67452], [18.063959, -13.687733], [18.080754, -13.699569], [18.089752, -13.704716], [18.099236, -13.709213], [18.120881, -13.717166], [18.143273, -13.723224], [18.191546, -13.732595], [18.239674, -13.741689], [18.266262, -13.747809], [18.294682, -13.755671], [18.316264, -13.76264], [18.335771, -13.769864], [18.369988, -13.784067], [18.396495, -13.79515], [18.422203, -13.803894], [18.435426, -13.807072], [18.449253, -13.809283], [18.46395, -13.810401], [18.479786, -13.8103], [18.490347, -13.810435], [18.500607, -13.811842], [18.510579, -13.814426], [18.520274, -13.81809], [18.529705, -13.822741], [18.538884, -13.828282], [18.556531, -13.841657], [18.573311, -13.857452], [18.58932, -13.874906], [18.619408, -13.911743], [18.638134, -13.934951], [18.655728, -13.954522], [18.664804, -13.965924], [18.673406, -13.981067], [18.68152, -13.999363], [18.689132, -14.020225], [18.69623, -14.043067], [18.702798, -14.0673], [18.714293, -14.117592], [18.723508, -14.166404], [18.730333, -14.209038], [18.736376, -14.256979], [18.737183, -14.261096], [18.739166, -14.266468], [18.746248, -14.280483], [18.756806, -14.298038], [18.770025, -14.318146], [18.801179, -14.362073], [18.833179, -14.404371], [18.840863, -14.389606], [18.849948, -14.37667], [18.860103, -14.365418], [18.870996, -14.355705], [18.882295, -14.347385], [18.893669, -14.340314], [18.915313, -14.329338], [18.924653, -14.326091], [18.934391, -14.324528], [18.944471, -14.324514], [18.95484, -14.325913], [18.965442, -14.328589], [18.976223, -14.332405], [18.998099, -14.342916], [19.02003, -14.356356], [19.041577, -14.371637], [19.081761, -14.403365], [19.112666, -14.427805], [19.12562, -14.436544], [19.130542, -14.439058], [19.134072, -14.439958], [19.134237, -14.439958], [19.135077, -14.436181], [19.134205, -14.429992], [19.128721, -14.412706], [19.112574, -14.37479], [19.098212, -14.34204], [19.09234, -14.326526], [19.088094, -14.312296], [19.086527, -14.301635], [19.086998, -14.28996], [19.09014, -14.277464], [19.096586, -14.264338], [19.101245, -14.257598], [19.106967, -14.250773], [19.113832, -14.243886], [19.121918, -14.236961], [19.131304, -14.230022], [19.14207, -14.223094], [19.154295, -14.2162], [19.168057, -14.209363], [19.175601, -14.207031], [19.183461, -14.206862], [19.191614, -14.208557], [19.200034, -14.21182], [19.217573, -14.221857], [19.235875, -14.234591], [19.255542, -14.248285], [19.265292, -14.254344], [19.274881, -14.259407], [19.284228, -14.263123], [19.293252, -14.26514], [19.301874, -14.265106], [19.310013, -14.262669], [19.31965, -14.258963], [19.32972, -14.2567], [19.340083, -14.255717], [19.3506, -14.255852], [19.361129, -14.256941], [19.37153, -14.258823], [19.391388, -14.264311], [19.409051, -14.271013], [19.423396, -14.277629], [19.437642, -14.285388], [19.440142, -14.28689], [19.441144, -14.289729], [19.453119, -14.320672], [19.467226, -14.351701], [19.483308, -14.382753], [19.501208, -14.413761], [19.520769, -14.444661], [19.541833, -14.475387], [19.564242, -14.505875], [19.587839, -14.53606], [19.612467, -14.565875], [19.637967, -14.595258], [19.664184, -14.624141], [19.690958, -14.652461], [19.74555, -14.707148], [19.800485, -14.7588], [19.854501, -14.806896], [19.906341, -14.850915], [19.954742, -14.890337], [19.998446, -14.924641], [20.066723, -14.975815], [20.10109, -15.000274], [20.228543, -14.998623], [20.394812, -14.998494], [20.474739, -14.999847], [20.543055, -15.002596], [20.570637, -15.0046], [20.592652, -15.00708], [20.608211, -15.010079], [20.613293, -15.011786], [20.616427, -15.013639], [20.623957, -15.019677], [20.632356, -15.025219], [20.649858, -15.034589], [20.67441, -15.044886], [20.695361, -15.046245], [20.716531, -15.04986], [20.737817, -15.055503], [20.759113, -15.062946], [20.780316, -15.071962], [20.80132, -15.082323], [20.822022, -15.093802], [20.842317, -15.10617], [20.881266, -15.132666], [20.917332, -15.159988], [20.977472, -15.209829], [21.008463, -15.235566], [21.027494, -15.248449], [21.043604, -15.25709], [21.058308, -15.263071], [21.073121, -15.267971], [21.104276, -15.279007], [21.112996, -15.283922], [21.119842, -15.290483], [21.125079, -15.298439], [21.128973, -15.307538], [21.13179, -15.317531], [21.133795, -15.328166], [21.136434, -15.35036], [21.14049, -15.380082], [21.144184, -15.393244], [21.146755, -15.399036], [21.149924, -15.404162], [21.154919, -15.409684], [21.16093, -15.414298], [21.1678, -15.418132], [21.175373, -15.421313], [21.192003, -15.426228], [21.209569, -15.430064], [21.224657, -15.433356], [21.238791, -15.437209], [21.251395, -15.442376], [21.256943, -15.445689], [21.261892, -15.449614], [21.266428, -15.454673], [21.270708, -15.461224], [21.278714, -15.47819], [21.286349, -15.499292], [21.29405, -15.52331], [21.30315, -15.55164], [21.313124, -15.578621], [21.318516, -15.590617], [21.324221, -15.601089], [21.330268, -15.609642], [21.33669, -15.615881], [21.346555, -15.625422], [21.356152, -15.638585], [21.365479, -15.654747], [21.374535, -15.673286], [21.391826, -15.715007], [21.408011, -15.758767], [21.420798, -15.793191], [21.432339, -15.821592], [21.436664, -15.829918], [21.441831, -15.838027], [21.45429, -15.853551], [21.468913, -15.868068], [21.4849, -15.881483], [21.501449, -15.893699], [21.517761, -15.90462], [21.546465, -15.922195], [21.557797, -15.929043], [21.564597, -15.93436], [21.574892, -15.943886], [21.604181, -15.973489], [21.685085, -16.060371], [21.836367, -16.228662], [21.912345, -13.538759]]]}}, {"type": "Feature", "properties": {"PROVINCIA": "Bié", "SEDE": "Cuito", "N_MUNIC": 19, "N_COMUNAS": 30, "ID": 3, "MUNICIPIOS": ["Andulo", "Chitembo", "Cuito", "Camacupa", "Chinguar", "Catabola", "Cunhinga", "Cuemba", "Nharêa", "Luando", "Ringoma", "Mumbué", "Calucinga", "Chicala", "Chipeta", "Umpulo", "Lúbia", "Cambândua", "Belo Horizonte"], "COMUNAS": ["Andulo", "Cassumbe", "Chivaúlo", "Chitembo", "Cachingues", "Malengue", "Cuito", "Cunje", "Camacupa", "Cuanza", "Muinha", "Chinguar", "Cutato", "Cangote", "Catabola", "Caiuera", "Sande", "Cuemba", "Munhango", "Sachinemuna", "Nharêa", "Gamba", "Caieie", "Mumbué", "Mutumbo", "Soma Cuanza", "Chipeta", "Chiuca", "Lúbia", "Dando"]}, "geometry": {"type": "Polygon", "coordinates": [[[19.071305, -11.514014], [19.085255, -11.493129], [19.099526, -11.470068], [19.113235, -11.445945], [19.125498, -11.421875], [19.135434, -11.398973], [19.142159, -11.378351], [19.144042, -11.369244], [19.144791, -11.361125], [19.144297, -11.354134], [19.142448, -11.348409], [19.139796, -11.344293], [19.136324, -11.340694], [19.127227, -11.33491], [19.115759, -11.330779], [19.102523, -11.328022], [19.088125, -11.326361], [19.073166, -11.32552], [19.043982, -11.32518], [19.013098, -11.324719], [19.001132, -11.323297], [18.991837, -11.320496], [18.979713, -11.312305], [18.958986, -11.294914], [18.891023, -11.233602], [18.842369, -11.189232], [18.790041, -11.14268], [18.744429, -11.104617], [18.727387, -11.092103], [18.715919, -11.085714], [18.710607, -11.097489], [18.705203, -11.114933], [18.700132, -11.136228], [18.695816, -11.159554], [18.69268, -11.183092], [18.691147, -11.205022], [18.691641, -11.223526], [18.692781, -11.230924], [18.694587, -11.236784], [18.706922, -11.262685], [18.731133, -11.314172], [18.74199, -11.339501], [18.751264, -11.363781], [18.75839, -11.386432], [18.762803, -11.406875], [18.763816, -11.416087], [18.76394, -11.42453], [18.763104, -11.43213], [18.761237, -11.438817], [18.758767, -11.443795], [18.755593, -11.44796], [18.7517, -11.451312], [18.747075, -11.453848], [18.74014, -11.455648], [18.732505, -11.455915], [18.724253, -11.454858], [18.715466, -11.452684], [18.696613, -11.445815], [18.676604, -11.436971], [18.646213, -11.424147], [18.633138, -11.420572], [18.627943, -11.420219], [18.623951, -11.421099], [18.617731, -11.424932], [18.6117, -11.430208], [18.599458, -11.443831], [18.585366, -11.459486], [18.577186, -11.467183], [18.567967, -11.474345], [18.557499, -11.480639], [18.54557, -11.485727], [18.53197, -11.489276], [18.516488, -11.490951], [18.473455, -11.493234], [18.439407, -11.496422], [18.415574, -11.499924], [18.403187, -11.503144], [18.387817, -11.533855], [18.374842, -11.557604], [18.359468, -11.583379], [18.34254, -11.608504], [18.333757, -11.619986], [18.324903, -11.630302], [18.316084, -11.639116], [18.307404, -11.646095], [18.29897, -11.650904], [18.290888, -11.653208], [18.283523, -11.653592], [18.27686, -11.653074], [18.265253, -11.649867], [18.255303, -11.644656], [18.246243, -11.638508], [18.236425, -11.631731], [18.225077, -11.625783], [18.218409, -11.623399], [18.210856, -11.621557], [18.20225, -11.62037], [18.192422, -11.61995], [18.136852, -11.621311], [18.069879, -11.624317], [17.988816, -11.628809], [17.983321, -11.629152], [17.980821, -11.624138], [17.975179, -11.614557], [17.966433, -11.603411], [17.961328, -11.598681], [17.955968, -11.595276], [17.950525, -11.593766], [17.945173, -11.594723], [17.939705, -11.596671], [17.933054, -11.598158], [17.916987, -11.599928], [17.898538, -11.600385], [17.879273, -11.599886], [17.844559, -11.597431], [17.825374, -11.595398], [17.818039, -11.594392], [17.818039, -11.483263], [17.800533, -11.463627], [17.777182, -11.44084], [17.764692, -11.430396], [17.752394, -11.42172], [17.740839, -11.415664], [17.735511, -11.413885], [17.730576, -11.41308], [17.727936, -11.416721], [17.725742, -11.422005], [17.722557, -11.436766], [17.720746, -11.455883], [17.720037, -11.477874], [17.720829, -11.52456], [17.722746, -11.564977], [17.724343, -11.599402], [17.724308, -11.609533], [17.723571, -11.615775], [17.72101, -11.624051], [17.717106, -11.632102], [17.711343, -11.639765], [17.703206, -11.646878], [17.692178, -11.653278], [17.677746, -11.658802], [17.659392, -11.663288], [17.636603, -11.666573], [17.627254, -11.668776], [17.619088, -11.673177], [17.611926, -11.679484], [17.60559, -11.687406], [17.599903, -11.696651], [17.594686, -11.706928], [17.584952, -11.729412], [17.573897, -11.754778], [17.567477, -11.766872], [17.560125, -11.777934], [17.551586, -11.787484], [17.541606, -11.795043], [17.535997, -11.797926], [17.529932, -11.800131], [17.52338, -11.801598], [17.516309, -11.802267], [17.504032, -11.802296], [17.492334, -11.801518], [17.48124, -11.799952], [17.470775, -11.797616], [17.460964, -11.794531], [17.451832, -11.790715], [17.443404, -11.786186], [17.435705, -11.780965], [17.42876, -11.77507], [17.422593, -11.768521], [17.41723, -11.761336], [17.412695, -11.753534], [17.409014, -11.745135], [17.40621, -11.736157], [17.40431, -11.72662], [17.403338, -11.716543], [17.401741, -11.695693], [17.399011, -11.671588], [17.394581, -11.630105], [17.393401, -11.612019], [17.3932, -11.595892], [17.394194, -11.581865], [17.3966, -11.570078], [17.400633, -11.560672], [17.403328, -11.556907], [17.406511, -11.553789], [17.414981, -11.546516], [17.423081, -11.538091], [17.43033, -11.528303], [17.436248, -11.51694], [17.440354, -11.503792], [17.442167, -11.488646], [17.441207, -11.471293], [17.436993, -11.451519], [17.433741, -11.441949], [17.429903, -11.433785], [17.425551, -11.426821], [17.420753, -11.420848], [17.410103, -11.411046], [17.398516, -11.40272], [17.385501, -11.393165], [17.37934, -11.387706], [17.373644, -11.381453], [17.368589, -11.374149], [17.364349, -11.365542], [17.361102, -11.355375], [17.359023, -11.343394], [17.356948, -11.334745], [17.352886, -11.327706], [17.347087, -11.322067], [17.339798, -11.317623], [17.331268, -11.314165], [17.321744, -11.311488], [17.30071, -11.307641], [17.290349, -11.306007], [17.282191, -11.303857], [17.276503, -11.300424], [17.274669, -11.297986], [17.273552, -11.294938], [17.273307, -11.291855], [17.273864, -11.288991], [17.276907, -11.283846], [17.281727, -11.279359], [17.287372, -11.275388], [17.305748, -11.265108], [17.322373, -11.257836], [17.339601, -11.249859], [17.346282, -11.245254], [17.351629, -11.239498], [17.35561, -11.232034], [17.358191, -11.222307], [17.35934, -11.20976], [17.359023, -11.193839], [17.357268, -11.181115], [17.353809, -11.170003], [17.348927, -11.160296], [17.342904, -11.15179], [17.336022, -11.144279], [17.328561, -11.137556], [17.313032, -11.125655], [17.299795, -11.115629], [17.2938, -11.110253], [17.288605, -11.104477], [17.284495, -11.098183], [17.281757, -11.091255], [17.280679, -11.083574], [17.281547, -11.075022], [17.282152, -11.069292], [17.281678, -11.062351], [17.28006, -11.054352], [17.277234, -11.045447], [17.273136, -11.03579], [17.2677, -11.025534], [17.260864, -11.014831], [17.252562, -11.003834], [17.243947, -10.994137], [17.231924, -10.982619], [17.216412, -10.970261], [17.197326, -10.958048], [17.186418, -10.952303], [17.174586, -10.946962], [17.16182, -10.94215], [17.148109, -10.937988], [17.133443, -10.934599], [17.117812, -10.932107], [17.101205, -10.930634], [17.083613, -10.930304], [17.076621, -10.930482], [17.075275, -10.923456], [17.071786, -10.908921], [17.06695, -10.895906], [17.061363, -10.886681], [17.058473, -10.884199], [17.055618, -10.883515], [17.03981, -10.88356], [17.01813, -10.881848], [16.979522, -10.879174], [16.961993, -10.879641], [16.955149, -10.880723], [16.950147, -10.882523], [16.943864, -10.884993], [16.938231, -10.885287], [16.93321, -10.883811], [16.928765, -10.880973], [16.921452, -10.872836], [16.915997, -10.864131], [16.909686, -10.854235], [16.90651, -10.850932], [16.903509, -10.850104], [16.889164, -10.851411], [16.863822, -10.852049], [16.794832, -10.851896], [16.686412, -10.849926], [16.682745, -10.849926], [16.68041, -10.847253], [16.636258, -10.801735], [16.611761, -10.77827], [16.587107, -10.756061], [16.563391, -10.736406], [16.541705, -10.720599], [16.531965, -10.714544], [16.523142, -10.709937], [16.515373, -10.706941], [16.508796, -10.705717], [16.503206, -10.706005], [16.497792, -10.707386], [16.492334, -10.709886], [16.486617, -10.713533], [16.473537, -10.72438], [16.456815, -10.740146], [16.422164, -10.771999], [16.399639, -10.791044], [16.372799, -10.812], [16.341008, -10.834742], [16.30363, -10.859145], [16.260028, -10.885084], [16.209566, -10.912434], [16.185147, -10.967935], [16.168774, -11.002924], [16.150953, -11.038741], [16.132679, -11.072389], [16.114948, -11.100869], [16.106597, -11.112235], [16.098755, -11.121185], [16.091547, -11.127345], [16.085097, -11.130339], [16.078058, -11.130665], [16.070552, -11.12891], [16.062566, -11.125295], [16.054086, -11.12004], [16.03559, -11.105497], [16.014957, -11.08705], [15.99185, -11.066466], [15.967699, -11.047304], [15.955665, -11.039427], [15.943892, -11.033311], [15.932552, -11.029424], [15.921821, -11.028234], [15.791857, -11.034585], [15.789223, -11.068243], [15.78351, -11.115109], [15.77924, -11.139398], [15.77389, -11.162072], [15.767356, -11.181491], [15.763612, -11.189467], [15.759534, -11.196016], [15.736416, -11.225507], [15.700891, -11.268179], [15.663615, -11.310194], [15.64765, -11.326632], [15.635243, -11.337717], [15.643499, -11.3456], [15.647776, -11.350944], [15.651533, -11.357306], [15.654305, -11.364749], [15.655629, -11.373336], [15.655039, -11.383129], [15.652071, -11.394192], [15.643238, -11.418095], [15.624223, -11.469895], [15.6151, -11.492913], [15.606588, -11.512169], [15.613677, -11.515221], [15.624754, -11.518212], [15.656581, -11.523882], [15.697483, -11.528913], [15.742876, -11.533041], [15.788176, -11.536001], [15.828798, -11.537529], [15.860158, -11.537361], [15.870931, -11.536558], [15.87767, -11.535232], [15.879498, -11.529224], [15.883545, -11.518797], [15.887423, -11.513731], [15.89333, -11.509496], [15.898211, -11.507714], [15.903894, -11.50676], [15.910428, -11.506648], [15.917864, -11.507391], [15.935647, -11.511499], [15.957646, -11.519194], [15.978216, -11.527972], [15.994526, -11.536156], [16.017786, -11.550111], [16.031907, -11.55862], [16.038779, -11.561786], [16.046277, -11.564183], [16.054962, -11.565782], [16.065396, -11.566551], [16.078143, -11.566459], [16.093765, -11.565474], [16.112369, -11.563114], [16.128649, -11.559842], [16.155415, -11.552453], [16.16789, -11.548758], [16.178775, -11.546491], [16.188352, -11.546451], [16.192737, -11.547516], [16.196901, -11.549436], [16.202359, -11.553971], [16.206834, -11.560508], [16.210467, -11.569363], [16.213398, -11.580849], [16.217021, -11.592731], [16.223456, -11.607843], [16.232331, -11.625655], [16.24327, -11.645637], [16.269848, -11.689995], [16.300198, -11.736679], [16.331331, -11.781452], [16.360253, -11.820075], [16.383975, -11.848311], [16.392951, -11.85721], [16.399505, -11.861924], [16.411662, -11.867269], [16.438179, -11.879144], [16.452646, -11.886633], [16.466977, -11.895308], [16.480465, -11.905283], [16.492401, -11.916672], [16.502081, -11.929589], [16.505853, -11.936656], [16.508796, -11.944147], [16.510716, -11.95161], [16.511727, -11.959208], [16.511823, -11.966935], [16.511002, -11.974785], [16.50926, -11.982753], [16.506592, -11.990833], [16.502995, -11.999018], [16.498466, -12.007304], [16.47231, -12.053431], [16.443615, -12.103842], [16.414758, -12.152682], [16.38592, -12.198628], [16.357283, -12.240358], [16.343098, -12.25923], [16.32903, -12.276551], [16.315104, -12.292157], [16.301342, -12.305883], [16.287766, -12.317564], [16.2744, -12.327034], [16.261265, -12.334127], [16.248386, -12.33868], [16.257544, -12.356835], [16.268061, -12.374754], [16.278862, -12.389509], [16.284032, -12.394785], [16.288869, -12.398171], [16.293276, -12.401214], [16.297011, -12.405607], [16.300092, -12.41138], [16.302537, -12.418561], [16.304901, -12.431747], [16.305907, -12.447038], [16.305788, -12.463374], [16.30478, -12.479697], [16.30103, -12.508066], [16.298758, -12.517993], [16.296534, -12.52367], [16.291929, -12.528117], [16.277701, -12.538205], [16.252944, -12.555639], [16.222827, -12.578918], [16.208889, -12.591245], [16.197365, -12.60323], [16.189509, -12.61427], [16.187347, -12.619248], [16.18657, -12.623763], [16.187091, -12.626748], [16.190238, -12.630115], [16.216996, -12.651694], [16.253881, -12.68342], [16.289681, -12.714312], [16.328251, -12.746459], [16.361543, -12.771776], [16.373695, -12.779346], [16.378207, -12.781417], [16.38151, -12.782177], [16.389835, -12.78051], [16.390837, -12.789038], [16.402862, -12.865776], [16.412813, -12.939966], [16.422451, -13.027489], [16.426465, -13.073777], [16.429575, -13.120432], [16.431505, -13.166465], [16.431981, -13.210886], [16.430727, -13.252706], [16.427468, -13.290937], [16.425, -13.308398], [16.421928, -13.32459], [16.418217, -13.339391], [16.413832, -13.352676], [16.417023, -13.388989], [16.421388, -13.455159], [16.422971, -13.493498], [16.4236, -13.532169], [16.422858, -13.568796], [16.42033, -13.601001], [16.37651, -13.963115], [16.44037, -13.96903], [16.473129, -13.971057], [16.504421, -13.972204], [16.532729, -13.972278], [16.556541, -13.971085], [16.574339, -13.968431], [16.580509, -13.966495], [16.584609, -13.96412], [16.592286, -13.959257], [16.600513, -13.957292], [16.6092, -13.957801], [16.618259, -13.960362], [16.6276, -13.964552], [16.637132, -13.969948], [16.656412, -13.982665], [16.670559, -13.992172], [16.684471, -14.000529], [16.697725, -14.006471], [16.703975, -14.008141], [16.709902, -14.008732], [16.714345, -14.008362], [16.718378, -14.007276], [16.725623, -14.003094], [16.732463, -13.996468], [16.739725, -13.98768], [16.750541, -13.97487], [16.756983, -13.968827], [16.764403, -13.963533], [16.773019, -13.959367], [16.783046, -13.95671], [16.794702, -13.95594], [16.808203, -13.957438], [16.818497, -13.960138], [16.828033, -13.964083], [16.836848, -13.969145], [16.844977, -13.975199], [16.852456, -13.982118], [16.859321, -13.989774], [16.871348, -14.006796], [16.881345, -14.025251], [16.889596, -14.044128], [16.901999, -14.079093], [16.907329, -14.094291], [16.910207, -14.100898], [16.914138, -14.107822], [16.924707, -14.122316], [16.938126, -14.13717], [16.953486, -14.15178], [16.969877, -14.165545], [16.986389, -14.17786], [17.002112, -14.188124], [17.016138, -14.195733], [17.029825, -14.203449], [17.042169, -14.21248], [17.06445, -14.232492], [17.085651, -14.251524], [17.096878, -14.259681], [17.109108, -14.266412], [17.127316, -14.274364], [17.150462, -14.282878], [17.162481, -14.28615], [17.174048, -14.288129], [17.184601, -14.288336], [17.193576, -14.286294], [17.197141, -14.284351], [17.200096, -14.281747], [17.202457, -14.27845], [17.204236, -14.274431], [17.205324, -14.269858], [17.20566, -14.264374], [17.204506, -14.251229], [17.197904, -14.220133], [17.190896, -14.186951], [17.18886, -14.170302], [17.188789, -14.15437], [17.18972, -14.146851], [17.191419, -14.139724], [17.193978, -14.13306], [17.19749, -14.12693], [17.202046, -14.121405], [17.207739, -14.116556], [17.214661, -14.112454], [17.222904, -14.10917], [17.234014, -14.10508], [17.245156, -14.099875], [17.25622, -14.093723], [17.267098, -14.086789], [17.287857, -14.071243], [17.306562, -14.054568], [17.322338, -14.038096], [17.334312, -14.02316], [17.341611, -14.011091], [17.343235, -14.006548], [17.343363, -14.003221], [17.340152, -14.000373], [17.33882, -13.997245], [17.339035, -13.992529], [17.340711, -13.98915], [17.344047, -13.98646], [17.349874, -13.98435], [17.359024, -13.98271], [17.390623, -13.980401], [17.445496, -13.978656], [17.510895, -13.976653], [17.538986, -13.974852], [17.5598, -13.972139], [17.570777, -13.969159], [17.582713, -13.964424], [17.595223, -13.958044], [17.607922, -13.950129], [17.620426, -13.940788], [17.632351, -13.93013], [17.643311, -13.918266], [17.652923, -13.905304], [17.659437, -13.893773], [17.664795, -13.880129], [17.666601, -13.872696], [17.667592, -13.864951], [17.667592, -13.856967], [17.666425, -13.848817], [17.654178, -13.799065], [17.64004, -13.747216], [17.623278, -13.689232], [17.620943, -13.681544], [17.628608, -13.678871], [17.678735, -13.662536], [17.713162, -13.652791], [17.727434, -13.649647], [17.737734, -13.648464], [17.740986, -13.64729], [17.744762, -13.643992], [17.753229, -13.632375], [17.761819, -13.61631], [17.769219, -13.598493], [17.769219, -13.598162], [17.767523, -13.547766], [17.767496, -13.481893], [17.768962, -13.449654], [17.771871, -13.421348], [17.773973, -13.409483], [17.776563, -13.399577], [17.779685, -13.391954], [17.783381, -13.38694], [17.79167, -13.381117], [17.804297, -13.374465], [17.842697, -13.35736], [17.870233, -13.345344], [17.901141, -13.330666], [17.915069, -13.323179], [17.926489, -13.316049], [17.934286, -13.309616], [17.936477, -13.306767], [17.937343, -13.30422], [17.936618, -13.300695], [17.934277, -13.296377], [17.925964, -13.286089], [17.903345, -13.263948], [17.883232, -13.244665], [17.874158, -13.234794], [17.866525, -13.224884], [17.860922, -13.215021], [17.857939, -13.205292], [17.857614, -13.200504], [17.858165, -13.195781], [17.859666, -13.191134], [17.86219, -13.186574], [17.867555, -13.177393], [17.872088, -13.166863], [17.879855, -13.143133], [17.886628, -13.1224], [17.894917, -13.102876], [17.900083, -13.094061], [17.906172, -13.086141], [17.913367, -13.079314], [17.921848, -13.073778], [17.959151, -13.053557], [17.989428, -13.035894], [18.013367, -13.020619], [18.031659, -13.007565], [18.044992, -12.996562], [18.054055, -12.987443], [18.059537, -12.980038], [18.062129, -12.97418], [18.062443, -12.97082], [18.061634, -12.968835], [18.051469, -12.953128], [18.031008, -12.921399], [18.021744, -12.90529], [18.014125, -12.889653], [18.008905, -12.874964], [18.007429, -12.868123], [18.006834, -12.861697], [18.007215, -12.855746], [18.008665, -12.85033], [18.011278, -12.845507], [18.015148, -12.841337], [18.019131, -12.838532], [18.023812, -12.836324], [18.035119, -12.833335], [18.064464, -12.830468], [18.091533, -12.828318], [18.104705, -12.826329], [18.11709, -12.823268], [18.12828, -12.818789], [18.137866, -12.812545], [18.141931, -12.808654], [18.145441, -12.804191], [18.148346, -12.799113], [18.150594, -12.793378], [18.152757, -12.784745], [18.154071, -12.775807], [18.15464, -12.757237], [18.153271, -12.738103], [18.150937, -12.718842], [18.147923, -12.691557], [18.147563, -12.678494], [18.14858, -12.666229], [18.151433, -12.655068], [18.15658, -12.645319], [18.160158, -12.64107], [18.164481, -12.637289], [18.169608, -12.634015], [18.175595, -12.631286], [18.181715, -12.627447], [18.188171, -12.620729], [18.194904, -12.61156], [18.201858, -12.600366], [18.216202, -12.573612], [18.230748, -12.543882], [18.258501, -12.488473], [18.273532, -12.462108], [18.289599, -12.438091], [18.298082, -12.427304], [18.306899, -12.417512], [18.316075, -12.408853], [18.325633, -12.401462], [18.3356, -12.395477], [18.346, -12.391033], [18.356858, -12.388266], [18.368199, -12.387314], [18.386115, -12.386542], [18.404942, -12.384345], [18.424406, -12.380897], [18.444235, -12.376376], [18.483899, -12.364815], [18.521753, -12.351071], [18.555615, -12.336551], [18.583306, -12.322663], [18.602645, -12.310816], [18.608501, -12.306098], [18.611451, -12.302417], [18.620867, -12.280183], [18.631365, -12.259481], [18.642934, -12.240326], [18.655562, -12.222732], [18.669235, -12.206712], [18.683943, -12.19228], [18.699674, -12.179451], [18.716414, -12.168238], [18.727754, -12.160476], [18.735812, -12.152849], [18.741008, -12.145144], [18.743762, -12.13715], [18.744494, -12.128654], [18.743622, -12.119446], [18.73875, -12.098042], [18.734811, -12.08168], [18.731606, -12.063355], [18.730432, -12.042993], [18.73101, -12.032023], [18.732582, -12.020516], [18.73463, -12.006125], [18.735745, -11.992536], [18.736414, -11.967707], [18.73679, -11.95208], [18.737961, -11.937252], [18.740737, -11.923176], [18.745929, -11.909805], [18.749684, -11.903369], [18.754347, -11.897092], [18.760018, -11.890968], [18.766799, -11.884991], [18.774792, -11.879154], [18.784097, -11.873453], [18.794816, -11.867881], [18.80705, -11.862433], [18.819384, -11.856757], [18.829916, -11.850791], [18.838774, -11.844582], [18.846086, -11.838176], [18.851977, -11.831621], [18.856577, -11.824962], [18.860012, -11.818248], [18.862409, -11.811524], [18.864602, -11.798234], [18.864175, -11.785468], [18.862147, -11.773599], [18.859538, -11.763001], [18.857203, -11.752971], [18.857139, -11.74776], [18.858691, -11.743319], [18.861666, -11.739527], [18.865866, -11.736262], [18.877164, -11.730834], [18.891023, -11.726064], [18.909782, -11.719449], [18.919091, -11.715438], [18.927867, -11.710733], [18.935745, -11.705167], [18.942359, -11.698571], [18.947345, -11.690778], [18.950339, -11.681618], [18.951545, -11.668636], [18.950237, -11.657204], [18.947273, -11.646867], [18.943511, -11.637171], [18.938372, -11.622585], [18.937051, -11.61511], [18.937264, -11.607467], [18.939539, -11.59962], [18.944403, -11.591533], [18.952383, -11.583171], [18.964006, -11.574498], [19.001824, -11.548609], [19.022853, -11.533941], [19.041066, -11.522658], [19.049294, -11.51858], [19.057029, -11.515702], [19.064343, -11.514141], [19.071305, -11.514014]]]}}, {"type": "Feature", "properties": {"PROVINCIA": "Huambo", "SEDE": "Huambo", "N_MUNIC": 17, "N_COMUNAS": 30, "ID": 10, "MUNICIPIOS": ["Bailundo", "Huambo", "Londuimbali", "Caála", "Chicala Choloanga", "Cachiungo", "Mungo", "Longonjo", "Ucuma", "Ecunha", "Chinjenje", "Bimbe", "Sambo", "Galanga", "Alto Hama", "Chilata", "Cuima"], "COMUNAS": ["Bailundo", "Lunge", "Luvemba", "Huambo", "Calima", "Londuimbali", "Ussoque", "Chicala", "Mbave", "Cachiungo", "Chinhama", "Mungo", "Cambuengo", "Longonjo", "Lépi", "Ucuma", "Cacoma", "Mundundo", "Ecunha", "Quipeio", "Chinjenje", "Chiaca", "Bimbe", "Hengue", "Sambo", "Samboto", "Galanga", "Cumbira", "Cuima", "Catata"]}, "geometry": {"type": "Polygon", "coordinates": [[[16.487199, -12.005882], [16.493729, -11.992584], [16.497339, -11.979958], [16.498046, -11.967929], [16.495867, -11.956421], [16.493382, -11.950245], [16.49011, -11.944372], [16.481535, -11.933501], [16.470805, -11.923751], [16.458583, -11.915061], [16.445535, -11.907374], [16.432322, -11.90063], [16.408061, -11.889738], [16.395396, -11.884227], [16.387367, -11.878753], [16.377082, -11.869022], [16.364905, -11.855581], [16.3512, -11.838976], [16.320659, -11.798452], [16.28837, -11.751817], [16.257245, -11.703435], [16.230195, -11.65767], [16.219107, -11.637134], [16.21013, -11.618889], [16.203627, -11.603481], [16.199962, -11.591456], [16.196004, -11.577609], [16.193728, -11.573344], [16.191294, -11.570913], [16.186844, -11.56992], [16.180459, -11.570655], [16.163134, -11.575418], [16.135375, -11.583213], [16.117942, -11.586678], [16.097993, -11.589126], [16.080351, -11.59022], [16.065787, -11.590182], [16.053742, -11.589103], [16.043656, -11.587072], [16.034967, -11.584181], [16.027116, -11.580519], [16.011685, -11.571243], [15.989294, -11.557791], [15.973939, -11.550092], [15.954539, -11.541829], [15.932443, -11.534247], [15.917485, -11.530908], [15.908306, -11.530481], [15.903549, -11.531634], [15.900529, -11.534747], [15.898384, -11.541001], [15.89541, -11.549292], [15.892836, -11.553285], [15.889056, -11.556695], [15.883601, -11.558344], [15.873362, -11.559531], [15.841167, -11.560542], [15.797746, -11.559766], [15.748372, -11.557244], [15.698319, -11.553014], [15.65286, -11.547114], [15.633502, -11.54355], [15.617269, -11.539584], [15.604822, -11.53522], [15.596819, -11.530463], [15.594154, -11.527293], [15.562643, -11.532619], [15.516225, -11.543261], [15.459969, -11.557987], [15.398948, -11.575566], [15.338232, -11.594766], [15.28289, -11.614355], [15.25882, -11.623911], [15.237995, -11.633102], [15.221049, -11.641775], [15.208616, -11.649776], [15.200858, -11.657116], [15.197302, -11.663377], [15.196402, -11.668228], [15.19661, -11.671337], [15.198044, -11.676248], [15.20062, -11.681179], [15.208617, -11.690948], [15.219432, -11.700337], [15.231898, -11.709039], [15.244848, -11.716747], [15.257114, -11.723153], [15.274924, -11.730828], [15.277301, -11.73226], [15.27941, -11.734814], [15.282877, -11.74298], [15.285423, -11.754718], [15.287151, -11.769418], [15.288551, -11.805272], [15.287881, -11.845669], [15.283547, -11.920605], [15.280584, -11.95525], [15.278337, -11.971586], [15.275153, -11.984475], [15.270936, -11.994448], [15.265595, -12.00204], [15.259034, -12.007783], [15.251161, -12.012209], [15.231103, -12.019247], [15.208819, -12.026419], [15.195583, -12.03178], [15.180785, -12.038975], [15.16554, -12.046265], [15.150676, -12.052217], [15.136199, -12.057015], [15.122114, -12.060841], [15.095146, -12.066301], [15.069819, -12.070057], [15.039395, -12.074733], [15.025049, -12.077995], [15.011341, -12.082416], [14.996541, -12.089159], [14.98264, -12.097722], [14.969647, -12.108095], [14.957567, -12.120266], [14.946409, -12.134224], [14.936179, -12.149956], [14.926886, -12.167451], [14.918536, -12.186697], [14.913242, -12.198193], [14.90745, -12.207327], [14.901302, -12.214417], [14.894941, -12.219779], [14.88851, -12.223732], [14.882151, -12.226592], [14.870223, -12.230304], [14.859266, -12.234], [14.856397, -12.236388], [14.854563, -12.239825], [14.854396, -12.245188], [14.855997, -12.253413], [14.863612, -12.276766], [14.875619, -12.306524], [14.890234, -12.339322], [14.920138, -12.40059], [14.931854, -12.422336], [14.939031, -12.433673], [14.941029, -12.436708], [14.942723, -12.441411], [14.945263, -12.454995], [14.946781, -12.472766], [14.947403, -12.493064], [14.946483, -12.53461], [14.943536, -12.566364], [14.941576, -12.576222], [14.939117, -12.583467], [14.936034, -12.588426], [14.932203, -12.591425], [14.921531, -12.596427], [14.884838, -12.613669], [14.852241, -12.62979], [14.823758, -12.644783], [14.79941, -12.658641], [14.779216, -12.671354], [14.763197, -12.682917], [14.751372, -12.693319], [14.743762, -12.702554], [14.735086, -12.71332], [14.724723, -12.722394], [14.713299, -12.73028], [14.701439, -12.73748], [14.681143, -12.750488], [14.672866, -12.757524], [14.666373, -12.765487], [14.662067, -12.774804], [14.660859, -12.780105], [14.660348, -12.785905], [14.661621, -12.799219], [14.666286, -12.815172], [14.676709, -12.838783], [14.687695, -12.857393], [14.698805, -12.872397], [14.709599, -12.88519], [14.721344, -12.899215], [14.726497, -12.906491], [14.730949, -12.914273], [14.734534, -12.922807], [14.737087, -12.932339], [14.738442, -12.943116], [14.738432, -12.955385], [14.738584, -12.965467], [14.740175, -12.974411], [14.743035, -12.982411], [14.746993, -12.989662], [14.75188, -12.996356], [14.757525, -13.002688], [14.770412, -13.015042], [14.781745, -13.025903], [14.792328, -13.037768], [14.797026, -13.04435], [14.801161, -13.051512], [14.804607, -13.059364], [14.80724, -13.068016], [14.809101, -13.079444], [14.809913, -13.092621], [14.80901, -13.123133], [14.805766, -13.157376], [14.801415, -13.193171], [14.794687, -13.251264], [14.793236, -13.276714], [14.79408, -13.297452], [14.796217, -13.304214], [14.800847, -13.311362], [14.807735, -13.318825], [14.816644, -13.326535], [14.827337, -13.334423], [14.839579, -13.342419], [14.867762, -13.358458], [14.899304, -13.374099], [14.932313, -13.388787], [14.9649, -13.401968], [14.995174, -13.413087], [15.018667, -13.411548], [15.042056, -13.407446], [15.064816, -13.401177], [15.08642, -13.393139], [15.106346, -13.38373], [15.124067, -13.373348], [15.139059, -13.36239], [15.150798, -13.351254], [15.156725, -13.345734], [15.162979, -13.341955], [15.169516, -13.339901], [15.176293, -13.339557], [15.184169, -13.341309], [15.191677, -13.345059], [15.198807, -13.350423], [15.205549, -13.357017], [15.21783, -13.372358], [15.228438, -13.388013], [15.238603, -13.402548], [15.241204, -13.406922], [15.243693, -13.413711], [15.248327, -13.433401], [15.252488, -13.459355], [15.256159, -13.489304], [15.261962, -13.552131], [15.265596, -13.603754], [15.298002, -13.598843], [15.318084, -13.596949], [15.338922, -13.59619], [15.359144, -13.597139], [15.377377, -13.600367], [15.385319, -13.603015], [15.392249, -13.606446], [15.397995, -13.610733], [15.402387, -13.615947], [15.405326, -13.622129], [15.40701, -13.629331], [15.407606, -13.63746], [15.407278, -13.646425], [15.404516, -13.666497], [15.400052, -13.688816], [15.395955, -13.709497], [15.393012, -13.729837], [15.392492, -13.739006], [15.392882, -13.747042], [15.39439, -13.753598], [15.397222, -13.758324], [15.399811, -13.760202], [15.403322, -13.761329], [15.413047, -13.761328], [15.423108, -13.75804], [15.436257, -13.750998], [15.452151, -13.740587], [15.470443, -13.727189], [15.51285, -13.692961], [15.560722, -13.651378], [15.611306, -13.605502], [15.661845, -13.558395], [15.75177, -13.472744], [15.812204, -13.415338], [15.829881, -13.399188], [15.839906, -13.391029], [15.847599, -13.387871], [15.856723, -13.387215], [15.867143, -13.38874], [15.878728, -13.392129], [15.891343, -13.397061], [15.904857, -13.403217], [15.934044, -13.417924], [15.959727, -13.430884], [15.984802, -13.442244], [15.996412, -13.44653], [16.007033, -13.449465], [16.016384, -13.450731], [16.024185, -13.450011], [16.030289, -13.447896], [16.036171, -13.444811], [16.047268, -13.436122], [16.057476, -13.424734], [16.066794, -13.411436], [16.075222, -13.397017], [16.082759, -13.382268], [16.095163, -13.354932], [16.101991, -13.339888], [16.10373, -13.33737], [16.106389, -13.335135], [16.114297, -13.331475], [16.125374, -13.328827], [16.139281, -13.327109], [16.155676, -13.326239], [16.17422, -13.326135], [16.216389, -13.327898], [16.263066, -13.331745], [16.311525, -13.33702], [16.402896, -13.349243], [16.406602, -13.33683], [16.409743, -13.323095], [16.414438, -13.292068], [16.417202, -13.256983], [16.418257, -13.218661], [16.417825, -13.177921], [16.416129, -13.135583], [16.413389, -13.092469], [16.409828, -13.049398], [16.40113, -12.966667], [16.39181, -12.893953], [16.378403, -12.804824], [16.369983, -12.801348], [16.359601, -12.795385], [16.347076, -12.78686], [16.332225, -12.775699], [16.294823, -12.745175], [16.245939, -12.703216], [16.209498, -12.671843], [16.183299, -12.650751], [16.178681, -12.646629], [16.175363, -12.641848], [16.173389, -12.636503], [16.172804, -12.630691], [16.17344, -12.625148], [16.175175, -12.61943], [16.177929, -12.613557], [16.181625, -12.607547], [16.191531, -12.59519], [16.20427, -12.582506], [16.21922, -12.569642], [16.235758, -12.556744], [16.271105, -12.531438], [16.285597, -12.521243], [16.287664, -12.512758], [16.289581, -12.499899], [16.291988, -12.467433], [16.291991, -12.451014], [16.290867, -12.436597], [16.288373, -12.425775], [16.286536, -12.422211], [16.284265, -12.420143], [16.279723, -12.417362], [16.275181, -12.413629], [16.266242, -12.403888], [16.257733, -12.39208], [16.249938, -12.379364], [16.237635, -12.355845], [16.231612, -12.342604], [16.226777, -12.331569], [16.238782, -12.330907], [16.245172, -12.330071], [16.251745, -12.328255], [16.265375, -12.321869], [16.279556, -12.312128], [16.294171, -12.29941], [16.309102, -12.284094], [16.324232, -12.266557], [16.339444, -12.247179], [16.354621, -12.226338], [16.384401, -12.181778], [16.412635, -12.135907], [16.460714, -12.05234], [16.487199, -12.005882]]]}}, {"type": "Feature", "properties": {"PROVINCIA": "Benguela", "SEDE": "Benguela", "N_MUNIC": 23, "N_COMUNAS": 12, "ID": 2, "MUNICIPIOS": ["Benguela", "Ganda", "Lobito", "Catumbela", "Bocoio", "Balombo", "Cubal", "Baía Farta", "Caimbambo", "Chongorói", "Egito Praia", "Chindumbo", "Dombe Grande", "Capupa", "Biópio", "Chila", "Chicuma", "Babaera", "Iambala", "Catengue", "Bolonguera", "Canhamela", "Navegantes"], "COMUNAS": ["Bocoio", "Cubal do Lumbo", "Monte Belo", "Balombo", "Maca Mombolo", "Caimbambo", "Caiave", "Viangombe", "Chongorói", "Camuine", "Egito Praia", "Canjala"]}, "geometry": {"type": "Polygon", "coordinates": [[[14.971142, -13.410122], [14.922861, -13.391593], [14.889892, -13.377451], [14.855303, -13.360891], [14.822291, -13.342537], [14.807377, -13.332883], [14.794056, -13.323014], [14.782728, -13.313008], [14.773794, -13.302945], [14.767653, -13.292901], [14.765755, -13.287911], [14.764705, -13.282956], [14.763676, -13.261051], [14.765065, -13.234933], [14.77204, -13.1745], [14.776286, -13.139759], [14.779498, -13.106758], [14.780523, -13.077799], [14.779855, -13.065556], [14.778208, -13.055187], [14.776067, -13.048293], [14.773207, -13.041966], [14.765709, -13.030644], [14.756463, -13.020481], [14.746215, -13.01074], [14.73228, -12.997286], [14.725712, -12.989795], [14.719811, -12.981561], [14.714878, -12.972411], [14.711214, -12.96217], [14.709118, -12.950664], [14.708892, -12.937719], [14.708912, -12.927898], [14.707897, -12.919321], [14.705921, -12.911726], [14.703059, -12.904855], [14.694974, -12.892242], [14.684235, -12.879399], [14.672967, -12.866145], [14.661074, -12.850088], [14.649181, -12.829928], [14.643431, -12.817904], [14.637914, -12.804367], [14.634378, -12.793662], [14.63208, -12.783819], [14.630932, -12.774785], [14.630844, -12.766506], [14.631727, -12.758927], [14.633493, -12.751997], [14.636052, -12.745659], [14.639315, -12.739861], [14.647597, -12.729668], [14.657625, -12.720987], [14.680072, -12.706437], [14.70104, -12.692969], [14.709847, -12.685454], [14.716887, -12.676857], [14.721831, -12.670217], [14.728319, -12.663351], [14.74536, -12.649094], [14.766873, -12.634385], [14.791719, -12.619525], [14.818759, -12.604813], [14.846855, -12.59055], [14.901661, -12.56457], [14.910989, -12.560395], [14.913899, -12.550895], [14.91602, -12.535101], [14.917375, -12.515149], [14.917989, -12.493171], [14.917087, -12.451681], [14.915618, -12.436436], [14.913502, -12.427705], [14.907719, -12.418611], [14.896543, -12.398257], [14.881922, -12.36989], [14.865806, -12.336758], [14.850142, -12.302105], [14.83688, -12.26918], [14.831758, -12.254379], [14.827967, -12.241228], [14.825751, -12.230132], [14.825353, -12.221497], [14.817288, -12.204053], [14.810224, -12.190657], [14.801321, -12.175688], [14.790715, -12.160304], [14.778543, -12.145663], [14.764942, -12.132921], [14.757648, -12.127624], [14.750048, -12.123236], [14.737532, -12.118327], [14.725668, -12.116232], [14.714373, -12.116537], [14.703566, -12.11883], [14.693164, -12.122698], [14.683086, -12.127727], [14.663574, -12.139617], [14.642914, -12.152154], [14.636374, -12.154923], [14.629102, -12.157008], [14.612977, -12.159403], [14.595774, -12.159886], [14.578727, -12.159005], [14.550038, -12.155347], [14.536783, -12.152816], [14.532278, -12.15181], [14.530781, -12.14747], [14.521297, -12.122013], [14.511029, -12.097058], [14.500073, -12.072741], [14.488527, -12.049199], [14.47649, -12.026571], [14.464058, -12.004992], [14.451329, -11.9846], [14.4384, -11.965532], [14.42537, -11.947924], [14.412336, -11.931915], [14.399395, -11.91764], [14.386645, -11.905238], [14.374184, -11.894844], [14.36211, -11.886596], [14.350519, -11.880632], [14.339509, -11.877087], [14.333414, -11.87661], [14.326786, -11.877606], [14.319677, -11.879957], [14.312138, -11.883548], [14.295983, -11.893978], [14.278739, -11.907961], [14.260823, -11.92456], [14.242653, -11.942839], [14.207223, -11.980694], [14.17773, -12.012262], [14.150738, -12.0391], [14.138296, -12.049952], [14.12662, -12.058669], [14.115755, -12.064933], [14.10575, -12.068429], [14.092055, -12.070497], [14.080311, -12.070877], [14.070297, -12.069855], [14.061791, -12.067718], [14.054574, -12.06475], [14.048423, -12.061239], [14.038439, -12.053728], [14.031447, -12.048458], [14.025444, -12.046205], [14.021114, -12.045197], [14.017191, -12.043244], [14.010263, -12.03693], [14.004054, -12.02811], [13.997956, -12.017631], [13.989218, -12.002861], [13.980401, -11.991604], [13.975684, -11.987624], [13.970614, -11.984921], [13.96508, -11.983627], [13.958971, -11.983876], [13.953457, -11.984225], [13.948225, -11.983289], [13.94337, -11.9811], [13.938984, -11.97769], [13.935107, -11.973121], [13.931824, -11.967466], [13.926868, -11.953473], [13.923772, -11.936863], [13.922191, -11.918788], [13.921782, -11.900399], [13.922201, -11.882848], [13.924148, -11.854864], [13.909455, -11.85296], [13.889345, -11.851542], [13.866017, -11.851786], [13.853834, -11.852897], [13.841673, -11.854864], [13.829272, -11.856354], [13.817982, -11.855773], [13.807676, -11.853449], [13.79823, -11.849708], [13.789517, -11.844878], [13.781414, -11.839287], [13.766532, -11.82713], [13.754787, -11.817418], [13.743042, -11.809578], [13.73379, -11.805974], [13.721588, -11.803237], [13.707261, -11.801263], [13.691639, -11.799949], [13.659815, -11.798885], [13.632736, -11.799217], [13.633078, -11.824622], [13.634032, -11.903888], [13.633919, -11.930106], [13.633243, -11.945437], [13.629712, -11.960455], [13.621872, -11.98349], [13.610288, -12.013472], [13.595524, -12.049333], [13.558711, -12.134417], [13.515945, -12.23019], [13.49512, -12.276813], [13.492718, -12.281584], [13.489036, -12.286911], [13.477957, -12.299455], [13.441807, -12.333618], [13.40367, -12.369618], [13.387143, -12.387088], [13.374661, -12.402974], [13.36754, -12.415337], [13.363452, -12.426304], [13.361302, -12.436928], [13.359991, -12.44826], [13.358436, -12.462007], [13.355411, -12.478278], [13.349638, -12.497964], [13.339838, -12.521956], [13.329641, -12.542156], [13.319427, -12.559414], [13.309213, -12.574142], [13.299015, -12.586752], [13.288848, -12.597653], [13.278728, -12.607258], [13.258695, -12.624226], [13.244533, -12.635923], [13.236329, -12.64092], [13.225512, -12.644254], [13.212152, -12.646112], [13.196323, -12.64668], [13.178095, -12.646143], [13.157542, -12.644688], [13.109746, -12.639767], [13.079363, -12.636453], [13.05062, -12.634079], [13.027157, -12.633837], [13.018543, -12.634887], [13.012613, -12.636916], [13.006552, -12.641273], [12.998564, -12.648422], [12.977974, -12.66942], [12.92647, -12.726496], [12.892892, -12.764227], [12.862175, -12.797492], [12.836238, -12.822955], [12.825663, -12.831719], [12.817001, -12.837282], [12.814203, -12.839701], [12.812217, -12.843679], [12.811004, -12.849097], [12.810524, -12.855834], [12.811607, -12.872781], [12.815152, -12.893559], [12.820844, -12.917203], [12.828369, -12.942749], [12.837413, -12.969234], [12.847662, -12.995695], [12.849489, -13.000214], [12.846329, -13.004058], [12.813054, -13.04487], [12.743947, -13.127418], [12.704967, -13.172339], [12.667842, -13.213289], [12.636176, -13.245465], [12.623516, -13.256763], [12.613572, -13.264067], [12.602891, -13.269748], [12.591743, -13.274643], [12.568914, -13.282956], [12.541821, -13.29298], [12.529021, -13.299032], [12.516958, -13.306371], [12.505807, -13.31544], [12.495747, -13.326684], [12.486956, -13.340549], [12.479611, -13.357479], [12.47497, -13.368742], [12.469608, -13.378531], [12.463624, -13.38694], [12.457116, -13.394066], [12.450185, -13.400004], [12.442929, -13.40485], [12.435448, -13.408699], [12.42784, -13.411648], [12.412641, -13.415226], [12.398126, -13.41635], [12.385087, -13.415785], [12.374318, -13.414297], [12.381475, -13.526266], [12.41762, -13.526894], [12.442957, -13.528429], [12.471073, -13.531281], [12.500424, -13.535824], [12.529462, -13.542436], [12.54338, -13.546635], [12.55664, -13.551492], [12.569048, -13.557054], [12.580412, -13.563368], [12.607347, -13.579381], [12.633403, -13.593332], [12.65856, -13.605213], [12.682799, -13.615012], [12.7061, -13.622722], [12.728445, -13.62833], [12.749813, -13.631829], [12.770186, -13.633207], [12.771189, -13.633385], [12.782895, -13.632291], [12.794861, -13.629205], [12.807033, -13.624422], [12.81936, -13.618239], [12.844266, -13.602854], [12.869159, -13.585413], [12.891076, -13.570074], [12.912288, -13.556692], [12.922606, -13.55123], [12.93272, -13.546852], [12.942619, -13.543755], [12.952295, -13.542138], [12.976628, -13.540974], [13.009228, -13.540711], [13.0855, -13.541991], [13.18622, -13.545473], [13.198047, -13.545982], [13.193555, -13.556839], [13.184816, -13.580227], [13.176704, -13.605198], [13.169754, -13.630513], [13.164497, -13.654934], [13.161465, -13.677224], [13.161193, -13.696146], [13.162257, -13.703956], [13.164211, -13.71046], [13.167122, -13.715504], [13.171054, -13.718931], [13.178335, -13.723659], [13.184871, -13.72912], [13.19611, -13.741784], [13.205567, -13.756014], [13.214037, -13.7709], [13.223749, -13.787769], [13.234493, -13.803072], [13.240651, -13.809802], [13.247547, -13.815742], [13.25534, -13.820757], [13.26419, -13.824714], [13.366993, -13.830585], [13.437764, -13.833528], [13.466622, -13.834048], [13.486795, -13.833573], [13.493976, -13.832639], [13.499805, -13.831109], [13.504506, -13.829014], [13.508302, -13.826386], [13.514081, -13.819656], [13.51894, -13.811171], [13.527087, -13.797533], [13.532885, -13.790896], [13.540603, -13.784773], [13.545213, -13.782299], [13.549978, -13.78089], [13.554804, -13.780547], [13.5596, -13.781273], [13.565228, -13.783548], [13.570388, -13.787075], [13.57511, -13.791599], [13.579426, -13.79687], [13.586965, -13.808639], [13.593255, -13.820361], [13.597418, -13.828049], [13.64482, -13.831963], [13.740707, -13.841757], [13.748711, -13.825572], [13.756319, -13.81328], [13.763666, -13.804386], [13.770886, -13.798397], [13.778114, -13.794821], [13.785484, -13.793163], [13.793131, -13.792932], [13.80119, -13.793632], [13.810622, -13.79451], [13.820682, -13.793632], [13.829015, -13.793157], [13.836241, -13.795222], [13.842504, -13.799422], [13.847945, -13.805352], [13.852707, -13.812604], [13.856931, -13.820774], [13.864338, -13.838244], [13.873642, -13.859446], [13.878834, -13.867502], [13.881545, -13.870119], [13.884325, -13.871503], [13.886166, -13.871834], [13.885823, -13.855465], [13.885578, -13.842755], [13.886846, -13.829875], [13.888521, -13.823807], [13.891143, -13.818218], [13.894901, -13.813282], [13.899986, -13.809173], [13.907397, -13.806124], [13.918002, -13.804044], [13.931606, -13.802821], [13.948014, -13.802343], [13.988461, -13.803179], [14.037779, -13.80566], [14.075432, -13.80756], [14.089743, -13.807847], [14.09759, -13.80734], [14.102714, -13.806266], [14.108085, -13.807837], [14.110839, -13.809987], [14.113036, -13.81293], [14.116085, -13.821161], [14.117884, -13.832464], [14.119087, -13.846772], [14.120915, -13.864324], [14.125118, -13.865076], [14.13279, -13.864841], [14.142523, -13.863635], [14.152908, -13.861473], [14.16378, -13.858738], [14.174228, -13.854143], [14.184266, -13.847841], [14.193911, -13.839986], [14.20318, -13.830731], [14.212087, -13.820229], [14.22065, -13.808633], [14.228884, -13.796097], [14.244432, -13.768814], [14.258858, -13.739608], [14.284864, -13.680327], [14.30195, -13.640653], [14.318064, -13.607433], [14.32604, -13.593869], [14.334114, -13.58267], [14.342398, -13.574087], [14.351007, -13.56837], [14.357999, -13.565784], [14.365031, -13.564474], [14.372088, -13.564343], [14.379157, -13.565293], [14.386221, -13.567225], [14.393266, -13.570043], [14.407243, -13.577942], [14.42097, -13.588206], [14.434328, -13.600051], [14.459473, -13.625354], [14.484154, -13.650147], [14.495017, -13.658795], [14.499607, -13.661311], [14.503458, -13.662291], [14.516113, -13.661246], [14.532221, -13.657462], [14.571111, -13.645235], [14.620113, -13.630326], [14.643952, -13.624843], [14.665745, -13.622185], [14.672324, -13.621008], [14.678156, -13.618235], [14.683368, -13.614052], [14.688086, -13.608647], [14.69655, -13.594923], [14.704565, -13.578566], [14.714667, -13.558137], [14.720499, -13.548429], [14.727143, -13.539591], [14.734818, -13.532021], [14.743742, -13.52612], [14.754135, -13.522287], [14.766215, -13.52092], [14.768538, -13.52092], [14.789913, -13.52051], [14.814846, -13.518033], [14.841722, -13.514052], [14.868929, -13.509132], [14.917888, -13.498731], [14.948819, -13.49134], [14.971142, -13.410122]]]}}, {"type": "Feature", "properties": {"PROVINCIA": "Namibe", "SEDE": "Moçâmedes", "N_MUNIC": 9, "N_COMUNAS": 11, "ID": 19, "MUNICIPIOS": ["Moçâmedes", "Tômbwa", "Bibala", "Virei", "Camucuio", "Lucira", "Iona", "Sacomar", "Cacimbas"], "COMUNAS": ["Bibala", "Capangombe", "Caitou", "Lola", "Virei", "Cainde", "Camucuio", "Mamué", "Chingo", "Lucira", "Bentiaba"]}, "geometry": {"type": "Polygon", "coordinates": [[[13.507728, -14.408512], [13.51096, -14.391673], [13.512985, -14.375977], [13.513923, -14.361394], [13.51389, -14.347892], [13.513005, -14.33544], [13.511385, -14.324005], [13.506415, -14.304067], [13.499921, -14.287826], [13.492848, -14.275031], [13.480735, -14.258779], [13.476573, -14.253268], [13.474799, -14.248694], [13.473438, -14.241421], [13.471738, -14.215381], [13.4709, -14.093517], [13.471354, -14.058703], [13.472689, -14.030833], [13.474864, -14.008764], [13.477837, -13.991354], [13.481568, -13.977461], [13.486014, -13.965943], [13.496891, -13.945464], [13.498731, -13.942448], [13.500479, -13.938653], [13.500723, -13.936109], [13.497801, -13.932741], [13.491673, -13.928964], [13.473743, -13.920568], [13.439896, -13.904647], [13.419778, -13.893353], [13.39793, -13.87896], [13.382797, -13.868866], [13.369, -13.861172], [13.356328, -13.855534], [13.344569, -13.85161], [13.333514, -13.849058], [13.322951, -13.847533], [13.302459, -13.846198], [13.277322, -13.844276], [13.263826, -13.841924], [13.249311, -13.837848], [13.238135, -13.833055], [13.22836, -13.826968], [13.219808, -13.819815], [13.212301, -13.811824], [13.20566, -13.803221], [13.199708, -13.794234], [13.189158, -13.776015], [13.181301, -13.76231], [13.173022, -13.749698], [13.163649, -13.738841], [13.158341, -13.734276], [13.152508, -13.730398], [13.145791, -13.725114], [13.140729, -13.71806], [13.137177, -13.70946], [13.134992, -13.699537], [13.134033, -13.688514], [13.134156, -13.676616], [13.137078, -13.651084], [13.142615, -13.62473], [13.149626, -13.59934], [13.163498, -13.558607], [13.054018, -13.555183], [12.989957, -13.554425], [12.963381, -13.554766], [12.943406, -13.555768], [12.935245, -13.55721], [12.926655, -13.560038], [12.917678, -13.564074], [12.908355, -13.569136], [12.888836, -13.581618], [12.86843, -13.59604], [12.841868, -13.614558], [12.828461, -13.62314], [12.814992, -13.630862], [12.801476, -13.637417], [12.787928, -13.642497], [12.774365, -13.645794], [12.760802, -13.647003], [12.759469, -13.646838], [12.737781, -13.645404], [12.715299, -13.641836], [12.691976, -13.636113], [12.667769, -13.628215], [12.642632, -13.618124], [12.616521, -13.605819], [12.589389, -13.591281], [12.561193, -13.574491], [12.55076, -13.568731], [12.539265, -13.563643], [12.526897, -13.559185], [12.513842, -13.555316], [12.486427, -13.549183], [12.458523, -13.544913], [12.431634, -13.542178], [12.407263, -13.54065], [12.372091, -13.539896], [12.381066, -13.701128], [12.384201, -13.772039], [12.385416, -13.823135], [12.384886, -13.834773], [12.383352, -13.844997], [12.380902, -13.853901], [12.377622, -13.861579], [12.373597, -13.868124], [12.368916, -13.873629], [12.363663, -13.87819], [12.357925, -13.881899], [12.345342, -13.887136], [12.331857, -13.890092], [12.304946, -13.892159], [12.280684, -13.893844], [12.270624, -13.89631], [12.266392, -13.898216], [12.2628, -13.900674], [12.257436, -13.907361], [12.25165, -13.91828], [12.245616, -13.932877], [12.239508, -13.950597], [12.233501, -13.970887], [12.227769, -13.993192], [12.222487, -14.016957], [12.21783, -14.04163], [12.213971, -14.066654], [12.211086, -14.091477], [12.209348, -14.115544], [12.208932, -14.138301], [12.210013, -14.159194], [12.212765, -14.177668], [12.217362, -14.193169], [12.220408, -14.199631], [12.22398, -14.205143], [12.230744, -14.215188], [12.236045, -14.225689], [12.239982, -14.236612], [12.242655, -14.247923], [12.244161, -14.259587], [12.244601, -14.271571], [12.244074, -14.283841], [12.242678, -14.296362], [12.237677, -14.322022], [12.230392, -14.34828], [12.21214, -14.401499], [12.19865, -14.43976], [12.193407, -14.460222], [12.190212, -14.482518], [12.187152, -14.532675], [12.183959, -14.587068], [12.180531, -14.616109], [12.174969, -14.646098], [12.166587, -14.676823], [12.161125, -14.692396], [12.154701, -14.708073], [12.147229, -14.723828], [12.138624, -14.739636], [12.1288, -14.755469], [12.117671, -14.771301], [12.103951, -14.791458], [12.091603, -14.813204], [12.080549, -14.836255], [12.070713, -14.860327], [12.062019, -14.885137], [12.054388, -14.910399], [12.047745, -14.935832], [12.042012, -14.961151], [12.03297, -15.010313], [12.026648, -15.055616], [12.019701, -15.125562], [12.017036, -15.150802], [12.015686, -15.154258], [12.013503, -15.15743], [12.006971, -15.162967], [11.998111, -15.167513], [11.987595, -15.171168], [11.964281, -15.176202], [11.942403, -15.178867], [11.943939, -15.238837], [11.943299, -15.285559], [11.940605, -15.340148], [11.935023, -15.400134], [11.930887, -15.431379], [11.925715, -15.463047], [11.919403, -15.494831], [11.911846, -15.52642], [11.902939, -15.557507], [11.89258, -15.587782], [11.877609, -15.624549], [11.863567, -15.652662], [11.856778, -15.663839], [11.850083, -15.673291], [11.843434, -15.681165], [11.836787, -15.687606], [11.830095, -15.69276], [11.823312, -15.696773], [11.816391, -15.699792], [11.809287, -15.701963], [11.794343, -15.704344], [11.778111, -15.705084], [11.759675, -15.705734], [11.739318, -15.708621], [11.728169, -15.711585], [11.716241, -15.715926], [11.703433, -15.721916], [11.689645, -15.729828], [11.678422, -15.73768], [11.668625, -15.746318], [11.660258, -15.755727], [11.653325, -15.765894], [11.647829, -15.776807], [11.643774, -15.788452], [11.641163, -15.800815], [11.64, -15.813884], [11.64012, -15.824778], [11.641108, -15.835613], [11.645322, -15.856829], [11.651902, -15.876989], [11.660111, -15.895547], [11.669212, -15.911961], [11.678465, -15.925684], [11.687134, -15.936173], [11.69448, -15.942883], [11.6984, -15.946895], [11.700815, -15.951529], [11.70345, -15.959078], [11.70624, -15.970415], [11.709121, -15.986411], [11.712031, -16.00794], [11.714904, -16.035873], [11.720289, -16.114443], [11.724767, -16.229099], [11.727827, -16.386821], [11.728961, -16.594587], [11.728478, -16.610088], [11.727099, -16.624348], [11.724926, -16.637413], [11.722061, -16.649332], [11.718608, -16.66015], [11.714669, -16.669917], [11.705745, -16.686481], [11.69611, -16.699401], [11.686585, -16.709057], [11.677993, -16.715826], [11.671155, -16.720086], [11.667968, -16.849114], [11.6658, -16.984014], [11.665602, -17.0977], [11.666539, -17.138124], [11.668325, -17.163087], [11.714415, -17.144984], [11.791404, -17.112892], [11.97022, -17.036264], [11.974218, -17.034419], [12.155159, -17.153897], [12.17648, -17.139699], [12.207125, -17.121646], [12.223684, -17.113396], [12.239862, -17.10685], [12.254754, -17.102897], [12.261436, -17.10217], [12.267458, -17.102425], [12.349603, -17.117304], [12.432679, -17.132651], [12.468462, -17.138801], [12.493387, -17.142366], [12.493717, -17.142366], [12.500641, -17.140596], [12.511284, -17.135446], [12.525362, -17.127153], [12.542586, -17.115955], [12.585333, -17.0858], [12.637234, -17.046886], [12.696, -17.001117], [12.759341, -16.9504], [12.824967, -16.89664], [12.890588, -16.841741], [12.893253, -16.839743], [12.896591, -16.839908], [13.026359, -16.848929], [13.136768, -16.857485], [13.243473, -16.866981], [13.232166, -16.843501], [13.215518, -16.8116], [13.194141, -16.77437], [13.168645, -16.734901], [13.154544, -16.715294], [13.139643, -16.696287], [13.124018, -16.678267], [13.107745, -16.66162], [13.090902, -16.646732], [13.073564, -16.633991], [13.055807, -16.623782], [13.037709, -16.616492], [13.020607, -16.60999], [13.01383, -16.606368], [13.008221, -16.602488], [13.003768, -16.598342], [13.000459, -16.593921], [12.998282, -16.589219], [12.997226, -16.584226], [12.997301, -16.579305], [12.99842, -16.574437], [13.000517, -16.569615], [13.003526, -16.564835], [13.012023, -16.555374], [13.023385, -16.546007], [13.03709, -16.536686], [13.052613, -16.527365], [13.087025, -16.508532], [13.1262, -16.486856], [13.141266, -16.476719], [13.146253, -16.472277], [13.149005, -16.468426], [13.149573, -16.46381], [13.147921, -16.45848], [13.144453, -16.452614], [13.139573, -16.446391], [13.127194, -16.433581], [13.114017, -16.421472], [13.100032, -16.408715], [13.088592, -16.396635], [13.08431, -16.390784], [13.081245, -16.385025], [13.079589, -16.379331], [13.079537, -16.373678], [13.080964, -16.368796], [13.083738, -16.364446], [13.087825, -16.36066], [13.093192, -16.357475], [13.110954, -16.347012], [13.137929, -16.328956], [13.208651, -16.279274], [13.270733, -16.235441], [13.321909, -16.200369], [13.361275, -16.175421], [13.376248, -16.167169], [13.38793, -16.161959], [13.387392, -16.143553], [13.385305, -16.125767], [13.381903, -16.108529], [13.377416, -16.09177], [13.366118, -16.059406], [13.353272, -16.028111], [13.342093, -16.001159], [13.332789, -15.974971], [13.330563, -15.964731], [13.330245, -15.95495], [13.331628, -15.94564], [13.334504, -15.936812], [13.338665, -15.92848], [13.343903, -15.920656], [13.35001, -15.913352], [13.356778, -15.90658], [13.371464, -15.894681], [13.386299, -15.885058], [13.409757, -15.873032], [13.405695, -15.764556], [13.403734, -15.688866], [13.40326, -15.621372], [13.403069, -15.579906], [13.401398, -15.545231], [13.398465, -15.51695], [13.394492, -15.49466], [13.389699, -15.477964], [13.384306, -15.466461], [13.381453, -15.462531], [13.378532, -15.45975], [13.375572, -15.458068], [13.372599, -15.457434], [13.358768, -15.455647], [13.346361, -15.451256], [13.335332, -15.44421], [13.325637, -15.434457], [13.31723, -15.421946], [13.310069, -15.406626], [13.304106, -15.388447], [13.299299, -15.367357], [13.296184, -15.355807], [13.291835, -15.347215], [13.286233, -15.341203], [13.279361, -15.337392], [13.271201, -15.335406], [13.261735, -15.334867], [13.238816, -15.336619], [13.222985, -15.338229], [13.207153, -15.338464], [13.200548, -15.337653], [13.194515, -15.336009], [13.189015, -15.333593], [13.184012, -15.330461], [13.175343, -15.322281], [13.168209, -15.311931], [13.162308, -15.299875], [13.157341, -15.286574], [13.149005, -15.258087], [13.14101, -15.230505], [13.135979, -15.217616], [13.131226, -15.209955], [13.126159, -15.20555], [13.120185, -15.202427], [13.106563, -15.194707], [13.098018, -15.187821], [13.088192, -15.177709], [13.084697, -15.172847], [13.08175, -15.166994], [13.077376, -15.152424], [13.074829, -15.134217], [13.073868, -15.11259], [13.074249, -15.08776], [13.075732, -15.059943], [13.081035, -14.996219], [13.085426, -14.943289], [13.086492, -14.921165], [13.0862, -14.903647], [13.086618, -14.894816], [13.089208, -14.885793], [13.094001, -14.876559], [13.101029, -14.867094], [13.110322, -14.857378], [13.121913, -14.847392], [13.135833, -14.837116], [13.152113, -14.826531], [13.170785, -14.815617], [13.19188, -14.804354], [13.241466, -14.780704], [13.301123, -14.755423], [13.371102, -14.728356], [13.396938, -14.718632], [13.416273, -14.71055], [13.429944, -14.703024], [13.434919, -14.699131], [13.438793, -14.69497], [13.441671, -14.690406], [13.443659, -14.685303], [13.44486, -14.679526], [13.445381, -14.672938], [13.444799, -14.656789], [13.442753, -14.635772], [13.43892, -14.593502], [13.437924, -14.57092], [13.438665, -14.552278], [13.440929, -14.536972], [13.444501, -14.5244], [13.449166, -14.513958], [13.45471, -14.505044], [13.467575, -14.489386], [13.478209, -14.476868], [13.488903, -14.46092], [13.494059, -14.450861], [13.498972, -14.438987], [13.503557, -14.424977], [13.507728, -14.408512]]]}}, {"type": "Feature", "properties": {"PROVINCIA": "Huíla", "SEDE": "Lubango", "N_MUNIC": 23, "N_COMUNAS": 28, "ID": 11, "MUNICIPIOS": ["Caconda", "Gambos", "Humpata", "Lubango", "Cuvango", "Quipungo", "Chibia", "Quilengues", "Caluquembe", "Matala", "Jamba Mineira", "Chipindo", "Chicomba", "Cacula", "Dongo", "Hoque", "Capelongo", "Chituto", "Capunda Cavilongo", "Viti Vivali", "Galangue", "Palanca", "Chicungo"], "COMUNAS": ["Caconda", "Gungue", "Uaba", "Cusse", "Chiange", "Chimbemba", "Lubango", "Huíla", "Chibia", "Jau", "Quilengues", "Impulo", "Dinde", "Caluquembe", "Calepi", "Negola", "Jamba Mineira", "Cassinga", "Chipindo", "Bambi", "Chicomba", "Cutenda", "Cacula", "Tchicuaqueia", "Capelongo", "Mulondo", "Capunda Cavilongo", "Quihita"]}, "geometry": {"type": "Polygon", "coordinates": [[[16.581266, -15.115754], [16.539108, -14.917068], [16.526302, -14.863331], [16.517919, -14.832397], [16.508246, -14.801386], [16.497308, -14.772271], [16.491372, -14.759041], [16.485129, -14.747026], [16.478581, -14.736471], [16.471732, -14.727624], [16.464583, -14.720732], [16.45714, -14.716041], [16.445076, -14.71109], [16.434145, -14.707513], [16.423065, -14.703803], [16.413139, -14.699345], [16.404099, -14.693254], [16.395678, -14.684642], [16.387608, -14.672623], [16.379623, -14.65631], [16.371455, -14.634816], [16.362836, -14.607254], [16.357878, -14.583411], [16.354165, -14.551588], [16.35157, -14.513063], [16.349969, -14.469114], [16.349236, -14.421019], [16.349245, -14.370056], [16.350987, -14.264642], [16.354188, -14.163098], [16.357843, -14.07565], [16.362494, -13.983947], [16.362494, -13.983272], [16.362836, -13.979937], [16.363001, -13.975088], [16.363496, -13.975088], [16.407482, -13.612974], [16.409829, -13.5836], [16.4106, -13.549978], [16.410142, -13.514139], [16.408798, -13.478117], [16.404841, -13.413648], [16.401492, -13.372833], [16.353243, -13.366104], [16.305228, -13.360216], [16.259151, -13.355385], [16.216713, -13.351827], [16.179618, -13.349756], [16.149568, -13.349387], [16.128266, -13.350937], [16.121427, -13.352498], [16.117414, -13.354619], [16.111247, -13.368658], [16.097639, -13.398302], [16.089254, -13.414351], [16.079735, -13.430093], [16.06902, -13.444684], [16.05705, -13.457279], [16.050575, -13.462564], [16.043764, -13.467034], [16.036608, -13.470583], [16.029101, -13.473105], [16.019278, -13.474324], [16.008376, -13.473422], [15.99652, -13.470688], [15.983835, -13.466411], [15.95648, -13.454392], [15.92731, -13.439681], [15.904006, -13.427919], [15.881201, -13.417537], [15.870981, -13.413726], [15.862081, -13.411293], [15.8549, -13.410585], [15.849835, -13.411946], [15.839098, -13.420873], [15.819802, -13.438655], [15.764034, -13.491815], [15.652647, -13.597506], [15.599987, -13.64609], [15.550992, -13.689774], [15.506894, -13.72701], [15.468925, -13.756255], [15.452623, -13.767397], [15.438316, -13.775962], [15.426157, -13.781756], [15.416301, -13.784587], [15.406877, -13.785289], [15.398623, -13.784173], [15.391588, -13.7813], [15.385818, -13.776733], [15.381065, -13.769891], [15.378134, -13.761642], [15.376769, -13.752159], [15.376714, -13.741618], [15.379513, -13.718056], [15.384486, -13.692346], [15.388167, -13.67413], [15.39094, -13.656647], [15.391651, -13.641889], [15.390872, -13.636155], [15.389143, -13.63185], [15.386288, -13.628737], [15.382171, -13.626145], [15.370643, -13.622408], [15.355533, -13.620416], [15.337815, -13.619947], [15.318464, -13.620779], [15.298455, -13.622687], [15.278762, -13.62545], [15.26036, -13.628846], [15.250867, -13.630844], [15.25036, -13.621158], [15.245565, -13.553229], [15.239614, -13.490958], [15.233163, -13.443571], [15.229956, -13.428343], [15.226869, -13.420296], [15.215372, -13.404093], [15.206626, -13.391135], [15.196629, -13.37804], [15.191396, -13.372356], [15.186131, -13.367735], [15.180927, -13.364543], [15.175879, -13.363147], [15.171634, -13.363672], [15.168152, -13.365524], [15.163886, -13.369333], [15.14997, -13.382602], [15.133087, -13.394938], [15.113802, -13.40611], [15.09268, -13.415889], [15.070284, -13.424047], [15.04718, -13.430354], [15.023932, -13.434581], [15.001105, -13.436499], [14.975952, -13.528587], [14.971282, -13.529758], [14.947607, -13.53558], [14.89633, -13.546777], [14.865852, -13.552505], [14.835086, -13.557316], [14.806237, -13.560456], [14.781508, -13.561171], [14.773276, -13.561742], [14.766064, -13.564032], [14.759677, -13.567955], [14.753916, -13.573428], [14.748584, -13.580366], [14.743485, -13.588685], [14.733195, -13.60913], [14.723887, -13.628059], [14.718716, -13.636881], [14.712952, -13.64487], [14.706407, -13.651724], [14.698893, -13.657138], [14.690224, -13.66081], [14.680212, -13.662435], [14.659867, -13.665016], [14.637182, -13.670292], [14.589906, -13.684658], [14.548381, -13.69748], [14.531098, -13.701342], [14.516593, -13.702541], [14.51052, -13.701491], [14.504268, -13.698945], [14.497801, -13.695052], [14.491082, -13.689961], [14.47674, -13.67678], [14.460945, -13.66059], [14.438915, -13.638091], [14.427388, -13.627488], [14.415758, -13.618189], [14.404205, -13.610848], [14.392909, -13.60612], [14.387414, -13.60494], [14.38205, -13.604659], [14.37684, -13.605358], [14.371807, -13.607119], [14.365044, -13.611952], [14.358132, -13.619916], [14.351076, -13.630598], [14.343882, -13.643588], [14.329098, -13.674845], [14.313824, -13.710395], [14.285736, -13.774335], [14.270375, -13.805093], [14.253785, -13.833529], [14.244947, -13.846523], [14.235704, -13.858512], [14.226021, -13.869353], [14.215867, -13.878905], [14.205208, -13.887027], [14.194012, -13.893577], [14.182245, -13.898413], [14.169875, -13.901392], [14.161899, -13.903223], [14.149923, -13.904901], [14.136885, -13.904824], [14.130887, -13.903627], [14.125725, -13.901392], [14.120996, -13.897319], [14.11839, -13.891872], [14.116055, -13.871481], [14.115165, -13.859035], [14.11339, -13.847591], [14.093609, -13.848006], [14.050584, -13.845911], [13.974711, -13.842657], [13.941424, -13.843235], [13.929626, -13.844611], [13.922461, -13.846916], [13.920062, -13.84905], [13.918306, -13.851972], [13.916354, -13.859641], [13.916128, -13.878495], [13.916349, -13.887874], [13.91579, -13.896252], [13.913735, -13.903315], [13.911922, -13.906255], [13.909466, -13.908749], [13.906146, -13.910788], [13.902438, -13.911883], [13.898326, -13.912039], [13.893793, -13.911257], [13.888286, -13.909075], [13.883442, -13.905646], [13.879156, -13.901131], [13.875325, -13.895693], [13.868612, -13.882701], [13.862473, -13.867968], [13.856347, -13.853264], [13.850437, -13.841925], [13.847437, -13.837847], [13.844339, -13.835004], [13.841094, -13.833529], [13.83765, -13.833552], [13.830675, -13.834539], [13.824235, -13.834699], [13.812827, -13.833717], [13.801992, -13.833175], [13.796888, -13.834376], [13.791749, -13.837305], [13.78639, -13.842522], [13.78063, -13.850587], [13.774283, -13.86206], [13.767167, -13.877502], [13.764667, -13.883178], [13.758512, -13.882504], [13.667454, -13.87319], [13.608891, -13.868134], [13.608383, -13.868134], [13.603702, -13.867689], [13.599785, -13.864568], [13.592063, -13.8516], [13.581735, -13.833486], [13.575382, -13.825394], [13.572127, -13.822596], [13.568903, -13.821014], [13.566634, -13.820871], [13.563243, -13.822351], [13.557857, -13.826685], [13.553676, -13.831585], [13.54724, -13.842576], [13.541354, -13.852811], [13.537654, -13.857739], [13.533122, -13.862312], [13.527512, -13.866362], [13.520578, -13.869716], [13.512075, -13.872205], [13.501757, -13.873658], [13.484092, -13.874286], [13.459523, -13.874052], [13.398291, -13.871812], [13.414202, -13.880401], [13.431617, -13.891872], [13.452528, -13.905729], [13.471831, -13.916626], [13.504422, -13.931978], [13.517779, -13.937967], [13.528434, -13.943693], [13.536122, -13.94995], [13.538771, -13.953527], [13.540578, -13.957536], [13.541487, -13.96215], [13.541206, -13.966982], [13.539735, -13.972064], [13.537075, -13.97743], [13.535413, -13.980599], [13.525437, -13.999325], [13.521362, -14.009991], [13.517944, -14.022985], [13.515221, -14.039402], [13.51323, -14.060337], [13.512008, -14.086884], [13.511592, -14.120137], [13.512029, -14.226811], [13.513065, -14.25749], [13.51393, -14.266718], [13.515082, -14.271703], [13.517417, -14.274707], [13.523429, -14.282074], [13.530899, -14.292688], [13.538788, -14.306803], [13.546054, -14.324674], [13.549128, -14.335098], [13.551656, -14.346557], [13.553509, -14.359081], [13.554555, -14.372704], [13.554665, -14.387456], [13.553709, -14.40337], [13.551557, -14.420478], [13.548078, -14.43881], [13.543481, -14.456763], [13.53839, -14.472105], [13.53292, -14.485156], [13.527188, -14.496235], [13.521307, -14.50566], [13.515393, -14.513751], [13.503927, -14.527207], [13.492368, -14.541282], [13.487595, -14.549045], [13.483681, -14.558081], [13.480768, -14.568981], [13.478995, -14.582337], [13.478503, -14.598742], [13.479435, -14.618786], [13.483432, -14.660725], [13.485699, -14.685406], [13.486168, -14.70459], [13.485454, -14.712489], [13.483962, -14.719455], [13.481581, -14.725636], [13.478204, -14.731178], [13.473719, -14.736229], [13.468017, -14.740935], [13.452526, -14.749904], [13.430854, -14.759262], [13.402124, -14.770186], [13.336795, -14.795382], [13.280275, -14.819077], [13.232576, -14.841262], [13.193712, -14.861922], [13.177598, -14.871678], [13.163697, -14.881048], [13.152012, -14.890032], [13.142544, -14.898627], [13.135295, -14.906832], [13.130267, -14.914647], [13.127461, -14.922069], [13.126879, -14.929096], [13.127263, -14.947271], [13.126213, -14.969725], [13.121549, -15.024519], [13.117193, -15.074715], [13.114588, -15.125197], [13.114743, -15.14791], [13.116295, -15.167533], [13.119566, -15.183012], [13.121945, -15.188868], [13.124874, -15.193293], [13.132882, -15.201675], [13.139812, -15.207348], [13.151372, -15.214015], [13.160012, -15.218668], [13.167494, -15.225188], [13.174288, -15.235563], [13.180865, -15.251779], [13.189025, -15.280188], [13.19628, -15.305177], [13.200303, -15.316536], [13.20485, -15.326684], [13.210115, -15.335281], [13.216293, -15.341986], [13.223581, -15.346459], [13.232172, -15.34836], [13.246213, -15.348156], [13.261005, -15.346692], [13.28484, -15.344801], [13.296763, -15.34541], [13.308132, -15.347949], [13.313476, -15.350152], [13.318524, -15.353089], [13.323223, -15.356843], [13.327521, -15.361498], [13.331365, -15.367139], [13.334703, -15.373848], [13.337481, -15.38171], [13.339649, -15.390808], [13.344876, -15.413163], [13.351061, -15.43073], [13.358005, -15.444075], [13.365507, -15.453767], [13.373369, -15.460374], [13.381392, -15.464462], [13.389377, -15.4666], [13.397124, -15.467355], [13.403133, -15.468252], [13.408725, -15.470515], [13.413902, -15.474147], [13.418664, -15.479153], [13.423013, -15.48554], [13.426951, -15.493311], [13.430478, -15.502473], [13.433595, -15.513029], [13.438606, -15.538349], [13.441994, -15.56931], [13.443769, -15.605955], [13.443939, -15.648323], [13.444563, -15.724167], [13.446899, -15.80789], [13.450602, -15.904654], [13.450944, -15.910674], [13.445272, -15.91285], [13.431443, -15.919186], [13.41793, -15.926576], [13.40296, -15.936475], [13.388739, -15.948654], [13.382599, -15.955527], [13.377473, -15.962883], [13.373637, -15.970695], [13.371368, -15.978934], [13.370941, -15.98757], [13.372631, -15.996576], [13.381694, -16.021889], [13.392631, -16.048214], [13.40547, -16.079542], [13.417121, -16.112984], [13.421857, -16.130552], [13.425522, -16.148712], [13.427859, -16.167488], [13.428609, -16.186899], [13.437507, -16.189756], [13.447205, -16.194706], [13.457707, -16.201586], [13.469017, -16.210234], [13.494077, -16.232185], [13.522417, -16.259258], [13.54893, -16.28443], [13.559978, -16.293826], [13.567075, -16.298193], [13.57302, -16.295786], [13.581652, -16.289715], [13.601226, -16.273475], [13.627303, -16.252183], [13.640075, -16.24388], [13.652381, -16.238537], [13.655809, -16.23624], [13.660093, -16.231419], [13.670475, -16.21615], [13.693194, -16.176704], [13.717485, -16.134055], [13.730215, -16.113768], [13.743323, -16.09529], [13.756798, -16.07946], [13.76367, -16.072799], [13.77063, -16.067114], [13.777676, -16.062511], [13.784809, -16.059093], [13.792025, -16.056965], [13.799325, -16.056232], [13.810886, -16.057046], [13.82095, -16.059326], [13.82971, -16.062832], [13.837357, -16.067323], [13.844082, -16.072558], [13.850077, -16.078296], [13.860645, -16.090318], [13.869678, -16.10081], [13.879446, -16.109721], [13.885031, -16.113343], [13.891308, -16.116281], [13.898449, -16.118438], [13.906623, -16.11972], [13.945551, -16.122924], [13.96766, -16.12403], [13.984099, -16.123742], [13.983109, -16.121057], [13.977484, -16.104025], [13.972628, -16.083779], [13.97143, -16.073406], [13.971554, -16.063376], [13.973375, -16.05407], [13.977271, -16.045872], [13.980916, -16.04153], [13.98631, -16.037489], [13.993765, -16.034418], [14.003591, -16.032991], [14.014957, -16.031633], [14.031063, -16.028205], [14.051266, -16.022745], [14.074923, -16.015289], [14.101389, -16.005876], [14.13002, -15.994542], [14.160174, -15.981326], [14.191205, -15.966264], [14.22247, -15.949394], [14.253326, -15.930755], [14.283128, -15.910382], [14.311232, -15.888314], [14.336996, -15.864588], [14.348798, -15.852116], [14.359774, -15.839242], [14.369842, -15.825973], [14.378923, -15.812313], [14.386936, -15.798267], [14.3938, -15.783839], [14.395462, -15.780173], [14.399295, -15.779167], [14.407904, -15.777225], [14.42663, -15.775158], [14.435771, -15.775505], [14.443415, -15.77682], [14.449689, -15.778942], [14.454719, -15.781711], [14.458633, -15.784967], [14.461557, -15.788548], [14.464943, -15.796045], [14.466011, -15.798069], [14.468737, -15.800437], [14.473904, -15.802661], [14.482296, -15.804253], [14.494693, -15.804725], [14.51188, -15.803589], [14.534638, -15.800358], [14.563751, -15.794543], [14.571016, -15.793699], [14.580656, -15.793843], [14.606096, -15.796973], [14.638141, -15.803692], [14.674858, -15.813756], [14.714318, -15.826922], [14.754588, -15.842949], [14.774423, -15.851958], [14.793737, -15.861592], [14.812288, -15.871818], [14.829834, -15.882609], [14.846293, -15.893988], [14.861058, -15.905563], [14.874122, -15.917327], [14.885477, -15.929271], [14.895114, -15.941388], [14.903026, -15.953669], [14.909204, -15.966107], [14.913642, -15.978693], [15.086741, -15.970331], [15.099978, -15.916033], [15.110531, -15.877563], [15.123132, -15.836463], [15.137349, -15.79642], [15.144929, -15.777947], [15.152751, -15.761121], [15.160762, -15.746404], [15.168907, -15.734256], [15.177132, -15.725138], [15.181258, -15.721859], [15.185384, -15.719511], [15.199461, -15.712942], [15.211098, -15.70667], [15.221259, -15.699595], [15.230908, -15.69062], [15.241011, -15.678645], [15.252532, -15.662573], [15.283685, -15.61374], [15.290878, -15.60114], [15.298012, -15.58693], [15.31234, -15.555242], [15.329385, -15.517781], [15.338918, -15.49848], [15.349362, -15.479162], [15.360897, -15.460099], [15.373701, -15.441564], [15.387953, -15.42383], [15.403832, -15.407168], [15.421518, -15.391852], [15.441188, -15.378153], [15.463022, -15.366345], [15.487199, -15.356699], [15.500222, -15.352772], [15.513898, -15.349488], [15.528248, -15.346881], [15.543296, -15.344985], [15.559064, -15.343833], [15.575574, -15.343461], [15.592849, -15.343902], [15.61091, -15.34519], [15.651919, -15.34854], [15.693185, -15.351056], [15.775116, -15.353913], [15.853971, -15.354404], [15.927015, -15.353171], [15.991516, -15.350857], [16.04474, -15.348104], [16.106424, -15.343854], [16.119284, -15.322514], [16.14168, -15.287672], [16.171825, -15.244543], [16.189243, -15.221501], [16.207928, -15.198343], [16.227655, -15.175723], [16.248202, -15.154291], [16.269344, -15.1347], [16.290858, -15.117601], [16.31252, -15.103648], [16.323337, -15.098055], [16.334107, -15.093492], [16.344803, -15.090042], [16.355396, -15.087785], [16.365858, -15.086804], [16.376162, -15.087179], [16.410929, -15.091741], [16.439998, -15.097476], [16.464474, -15.103747], [16.485465, -15.109912], [16.50746, -15.114981], [16.531114, -15.117529], [16.555894, -15.11773], [16.581266, -15.115754]]]}}, {"type": "Feature", "properties": {"PROVINCIA": "Cunene", "SEDE": "Cuanhama", "N_MUNIC": 14, "N_COMUNAS": 10, "ID": 9, "MUNICIPIOS": ["Ombadja", "Cuanhama", "Curoca", "Cahama", "Cuvelai", "Namacunde", "Chiéde", "Nehone", "Humbe", "Mupa", "Naulila", "Chitado", "Cafima", "Chissuata"], "COMUNAS": ["Xangongo", "Ombala yo Mungu", "Ondjiva", "Môngua", "Cahama", "Otchinjau", "Nehone", "Evale", "Mucope", "Humbe"]}, "geometry": {"type": "Polygon", "coordinates": [[[17.13499, -16.603882], [17.141553, -16.593254], [17.150287, -16.57619], [17.160692, -16.553299], [17.172267, -16.525192], [17.184513, -16.492479], [17.19693, -16.455769], [17.209017, -16.415671], [17.220275, -16.372796], [17.230203, -16.327753], [17.238301, -16.281153], [17.244069, -16.233604], [17.245923, -16.209664], [17.247008, -16.185716], [17.247259, -16.161836], [17.246616, -16.1381], [17.245015, -16.114584], [17.242394, -16.091365], [17.238691, -16.068518], [17.233842, -16.046121], [17.227786, -16.024248], [17.22046, -16.002977], [17.18644, -15.917149], [17.151824, -15.836021], [17.117501, -15.761301], [17.084359, -15.694697], [17.053287, -15.637917], [17.038805, -15.613745], [17.025173, -15.592668], [17.012502, -15.574901], [17.000905, -15.560658], [16.99049, -15.550151], [16.981371, -15.543594], [16.96467, -15.535428], [16.950216, -15.52939], [16.930529, -15.520814], [16.921683, -15.515513], [16.913185, -15.508668], [16.904795, -15.499631], [16.896278, -15.48775], [16.887394, -15.472375], [16.877905, -15.452856], [16.869295, -15.437649], [16.856002, -15.419061], [16.838746, -15.39769], [16.818244, -15.374134], [16.770376, -15.322858], [16.718144, -15.270018], [16.667295, -15.220399], [16.623574, -15.178783], [16.580502, -15.138701], [16.578497, -15.136856], [16.578497, -15.136525], [16.564088, -15.13741], [16.549888, -15.137276], [16.535968, -15.136265], [16.522399, -15.134517], [16.496595, -15.129376], [16.473039, -15.122982], [16.45212, -15.116762], [16.428407, -15.110682], [16.400477, -15.105196], [16.366908, -15.100759], [16.356958, -15.100608], [16.34678, -15.101938], [16.336411, -15.104653], [16.325885, -15.108656], [16.315237, -15.113851], [16.304504, -15.120143], [16.28292, -15.135628], [16.261416, -15.154341], [16.240275, -15.175512], [16.21978, -15.198371], [16.200212, -15.222146], [16.181855, -15.246069], [16.164991, -15.269368], [16.136873, -15.311013], [16.110991, -15.352928], [16.108821, -15.356771], [16.104494, -15.357102], [16.05791, -15.360606], [16.006305, -15.363595], [15.94038, -15.366337], [15.863552, -15.368028], [15.779239, -15.367867], [15.690856, -15.365048], [15.646207, -15.362392], [15.601822, -15.35877], [15.584844, -15.357541], [15.568602, -15.35712], [15.553076, -15.357475], [15.538245, -15.358574], [15.524087, -15.360383], [15.510582, -15.362872], [15.485448, -15.369753], [15.462674, -15.378957], [15.442093, -15.390225], [15.423538, -15.403296], [15.406841, -15.417909], [15.391835, -15.433805], [15.378353, -15.450724], [15.366227, -15.468405], [15.355289, -15.486587], [15.336311, -15.523418], [15.320079, -15.559135], [15.30523, -15.591635], [15.297845, -15.606365], [15.290257, -15.619619], [15.258637, -15.6691], [15.246537, -15.685944], [15.235626, -15.698874], [15.224941, -15.708906], [15.21352, -15.717054], [15.200401, -15.724331], [15.184621, -15.731754], [15.178955, -15.735749], [15.173051, -15.742541], [15.166961, -15.751853], [15.160735, -15.763411], [15.148078, -15.792167], [15.135491, -15.826608], [15.12338, -15.864535], [15.112153, -15.903749], [15.102219, -15.942051], [15.093985, -15.97724], [15.092653, -15.983592], [14.892878, -15.993112], [14.891381, -15.986086], [14.888023, -15.974215], [14.882827, -15.962416], [14.875795, -15.950698], [14.866932, -15.939072], [14.856242, -15.927547], [14.843728, -15.916134], [14.829395, -15.904842], [14.813245, -15.89368], [14.795741, -15.882933], [14.777375, -15.872826], [14.758381, -15.863376], [14.73899, -15.854599], [14.699945, -15.839135], [14.662098, -15.826567], [14.627305, -15.81703], [14.597422, -15.81066], [14.574307, -15.807591], [14.565867, -15.807336], [14.559815, -15.807957], [14.521041, -15.815388], [14.502201, -15.817709], [14.484656, -15.818508], [14.469102, -15.817341], [14.46229, -15.815881], [14.456237, -15.813763], [14.451031, -15.810931], [14.446758, -15.80733], [14.443506, -15.802903], [14.441362, -15.797596], [14.439256, -15.793936], [14.435556, -15.791387], [14.430619, -15.789805], [14.424802, -15.789048], [14.411957, -15.789436], [14.399877, -15.79141], [14.392383, -15.806458], [14.383762, -15.821081], [14.374093, -15.835275], [14.363458, -15.849039], [14.351934, -15.862367], [14.339603, -15.875259], [14.326544, -15.887709], [14.312836, -15.899716], [14.283794, -15.922387], [14.253115, -15.943246], [14.221438, -15.962268], [14.1894, -15.97943], [14.157639, -15.994705], [14.126794, -16.008069], [14.097502, -16.019499], [14.070401, -16.028968], [14.04613, -16.036452], [14.025326, -16.041927], [14.008628, -16.045367], [13.996673, -16.046748], [13.990723, -16.047585], [13.986838, -16.049191], [13.983513, -16.052272], [13.981109, -16.058024], [13.980307, -16.065198], [13.98079, -16.07334], [13.982239, -16.081993], [13.986763, -16.099006], [13.991331, -16.112591], [13.993937, -16.120735], [13.994668, -16.125128], [13.993813, -16.129282], [13.991331, -16.132816], [13.988428, -16.134789], [13.984195, -16.136298], [13.978038, -16.137302], [13.96936, -16.137761], [13.942061, -16.136875], [13.897535, -16.133312], [13.886941, -16.13166], [13.877662, -16.128836], [13.86953, -16.125033], [13.862379, -16.120443], [13.850346, -16.10967], [13.840224, -16.098055], [13.830913, -16.087321], [13.820729, -16.078375], [13.81484, -16.074895], [13.808169, -16.072249], [13.80053, -16.070567], [13.791734, -16.069977], [13.786161, -16.070715], [13.780456, -16.072848], [13.774642, -16.076257], [13.768744, -16.080821], [13.756791, -16.092934], [13.744787, -16.108225], [13.732924, -16.125733], [13.721394, -16.144497], [13.700096, -16.181946], [13.684055, -16.21036], [13.670965, -16.231301], [13.665199, -16.239023], [13.659778, -16.244941], [13.654571, -16.249078], [13.649448, -16.251454], [13.639301, -16.256112], [13.628015, -16.263762], [13.60446, -16.283211], [13.590254, -16.295241], [13.578282, -16.304282], [13.568029, -16.309973], [13.563385, -16.311449], [13.558977, -16.311951], [13.555122, -16.3114], [13.550793, -16.309671], [13.539879, -16.302236], [13.524561, -16.288754], [13.503164, -16.268332], [13.480094, -16.246211], [13.454556, -16.223448], [13.442238, -16.2137], [13.430955, -16.206042], [13.421258, -16.201223], [13.417175, -16.200113], [13.413696, -16.199995], [13.403421, -16.203847], [13.387372, -16.212645], [13.342586, -16.241305], [13.288618, -16.278426], [13.234747, -16.316457], [13.162209, -16.367469], [13.1351, -16.385502], [13.116788, -16.396173], [13.113563, -16.398239], [13.112461, -16.399686], [13.112981, -16.402441], [13.114973, -16.405953], [13.122204, -16.414511], [13.141446, -16.4326], [13.15905, -16.448881], [13.166938, -16.457101], [13.173667, -16.465367], [13.178826, -16.473674], [13.182003, -16.482014], [13.182785, -16.490383], [13.180761, -16.498774], [13.177662, -16.503975], [13.172885, -16.509235], [13.166472, -16.514643], [13.158462, -16.520289], [13.137822, -16.532658], [13.111293, -16.547064], [13.084577, -16.561576], [13.057911, -16.577543], [13.046582, -16.58549], [13.03765, -16.593102], [13.031908, -16.600146], [13.030481, -16.603383], [13.03015, -16.60639], [13.031163, -16.60895], [13.03502, -16.613074], [13.043688, -16.618327], [13.059135, -16.624273], [13.069619, -16.628019], [13.079976, -16.632669], [13.100267, -16.64444], [13.119923, -16.6591], [13.13886, -16.676166], [13.156992, -16.695154], [13.174236, -16.71558], [13.190504, -16.73696], [13.205714, -16.75881], [13.219779, -16.780647], [13.232615, -16.801987], [13.25426, -16.841238], [13.269969, -16.872692], [13.279062, -16.892479], [13.330965, -16.8987], [13.348417, -16.901547], [13.358873, -16.904176], [13.36601, -16.907628], [13.372376, -16.912262], [13.377988, -16.917951], [13.382864, -16.92457], [13.387022, -16.931992], [13.390479, -16.94009], [13.39536, -16.957812], [13.397647, -16.976725], [13.397483, -16.995818], [13.395006, -17.014081], [13.390358, -17.030502], [13.391053, -17.033458], [13.393093, -17.036945], [13.400918, -17.045375], [13.413266, -17.055522], [13.42957, -17.067113], [13.471772, -17.093543], [13.522984, -17.122492], [13.578662, -17.151785], [13.634267, -17.179249], [13.685256, -17.202712], [13.727088, -17.219998], [13.73884, -17.225266], [13.749571, -17.231677], [13.759416, -17.239059], [13.76851, -17.24724], [13.784985, -17.265307], [13.800072, -17.284504], [13.819739, -17.309142], [13.830216, -17.320541], [13.841578, -17.33096], [13.854165, -17.340126], [13.86832, -17.347764], [13.884385, -17.3536], [13.9027, -17.35736], [13.920233, -17.358731], [13.937857, -17.358241], [13.955404, -17.356135], [13.972708, -17.352654], [13.989602, -17.348043], [14.005919, -17.342544], [14.036155, -17.329854], [14.06208, -17.31653], [14.082358, -17.304515], [14.100634, -17.292192], [14.102804, -17.290525], [17.101664, -17.290525], [17.089509, -17.169545], [17.072154, -16.985967], [17.064158, -16.893556], [17.058018, -16.812918], [17.054789, -16.753195], [17.054594, -16.734032], [17.055522, -16.723526], [17.058879, -16.71354], [17.063799, -16.702952], [17.077387, -16.680373], [17.094412, -16.656604], [17.112997, -16.632457], [17.13499, -16.603882]]]}}, {"type": "Feature", "properties": {"PROVINCIA": "Cubango", "SEDE": "Menongue", "N_MUNIC": 11, "N_COMUNAS": 12, "ID": 8, "MUNICIPIOS": ["Menongue", "Cuchi", "Calai", "Nancova", "Cuangar", "Savate", "Caiundo", "Longa", "Cutato", "Chinguanja", "Mavengue"], "COMUNAS": ["Nancova", "Rito", "Savate", "Bondo Caíla", "Caiundo", "Jamba Cueio", "Longa", "Baixo Longa", "Cutato", "Vissati", "Mavengue", "Maué"]}, "geometry": {"type": "Polygon", "coordinates": [[[19.780619, -17.434949], [19.781539, -17.432366], [19.781974, -17.428076], [19.780691, -17.422001], [19.776457, -17.414062], [19.769733, -17.405856], [19.758208, -17.39374], [19.722776, -17.359485], [19.674207, -17.314705], [19.616548, -17.262811], [19.49014, -17.151318], [19.375918, -17.052279], [19.356365, -17.045974], [19.336723, -17.036987], [19.317027, -17.025722], [19.297312, -17.012582], [19.277613, -16.99797], [19.257965, -16.982289], [19.218962, -16.949334], [19.192649, -16.926927], [19.167381, -16.906449], [19.143455, -16.8892], [19.132088, -16.882192], [19.121169, -16.876479], [19.107509, -16.868806], [19.092868, -16.858407], [19.07748, -16.845698], [19.061582, -16.831094], [19.029204, -16.797862], [18.997622, -16.762034], [18.968727, -16.726935], [18.944409, -16.695886], [18.917067, -16.659236], [18.907292, -16.652008], [18.898194, -16.644179], [18.889751, -16.6358], [18.881937, -16.626925], [18.868104, -16.607899], [18.856502, -16.587526], [18.84694, -16.566227], [18.839225, -16.544429], [18.833166, -16.522554], [18.82857, -16.501027], [18.825245, -16.480272], [18.822999, -16.460712], [18.820977, -16.426874], [18.821431, -16.392201], [18.821761, -16.38702], [18.826761, -16.385022], [18.841806, -16.377663], [18.855743, -16.367833], [18.868632, -16.355758], [18.880532, -16.341667], [18.891503, -16.325785], [18.901604, -16.308341], [18.910895, -16.289562], [18.919435, -16.269674], [18.927284, -16.248904], [18.934502, -16.227481], [18.947281, -16.183581], [18.958248, -16.13979], [18.96788, -16.097927], [18.984455, -16.028931], [18.992898, -16.001227], [18.997351, -15.989587], [19.00203, -15.97962], [19.007749, -15.966011], [19.012231, -15.94966], [19.015586, -15.930992], [19.017923, -15.910431], [19.019354, -15.888403], [19.019987, -15.865335], [19.019303, -15.817775], [19.016752, -15.771157], [19.013214, -15.728881], [19.0067, -15.670976], [18.999029, -15.671155], [18.991406, -15.670202], [18.983859, -15.668231], [18.976416, -15.665354], [18.961958, -15.657338], [18.948259, -15.64706], [18.935543, -15.635426], [18.924039, -15.623344], [18.905569, -15.601455], [18.896407, -15.590433], [18.88526, -15.591518], [18.86735, -15.59488], [18.824921, -15.604472], [18.775178, -15.61575], [18.757421, -15.619105], [18.743741, -15.620907], [18.733638, -15.621135], [18.726612, -15.619768], [18.722164, -15.616784], [18.719793, -15.61216], [18.715691, -15.60452], [18.707007, -15.592064], [18.681118, -15.559075], [18.652574, -15.525932], [18.640571, -15.513282], [18.631822, -15.505371], [18.628024, -15.500872], [18.625704, -15.49388], [18.624793, -15.484001], [18.625223, -15.470843], [18.629834, -15.43311], [18.638992, -15.37753], [18.64664, -15.332529], [18.65348, -15.287339], [18.6582, -15.244717], [18.659355, -15.22523], [18.659487, -15.207419], [18.657428, -15.184707], [18.652476, -15.154619], [18.645144, -15.118587], [18.635942, -15.078038], [18.613975, -14.989114], [18.590667, -14.899285], [18.566098, -14.804081], [18.552451, -14.74665], [18.549052, -14.72896], [18.547581, -14.716949], [18.547768, -14.70936], [18.549346, -14.70494], [18.551351, -14.701758], [18.555844, -14.700765], [18.670642, -14.677318], [18.854921, -14.638588], [18.839495, -14.606757], [18.826829, -14.576661], [18.81692, -14.548265], [18.809765, -14.521533], [18.80536, -14.49643], [18.8037, -14.472921], [18.804781, -14.450972], [18.808601, -14.430547], [18.782582, -14.396779], [18.747303, -14.348268], [18.730305, -14.323024], [18.71593, -14.29954], [18.705824, -14.279634], [18.702886, -14.27159], [18.701633, -14.26512], [18.699494, -14.243634], [18.694754, -14.209729], [18.687668, -14.167478], [18.678491, -14.120959], [18.66748, -14.074245], [18.661367, -14.052088], [18.65489, -14.031411], [18.648083, -14.012723], [18.640977, -13.996533], [18.633604, -13.983351], [18.625997, -13.973685], [18.60754, -13.953228], [18.588332, -13.929392], [18.560195, -13.894985], [18.545338, -13.878687], [18.529934, -13.863929], [18.513969, -13.851412], [18.50577, -13.846212], [18.497426, -13.841836], [18.488932, -13.83837], [18.480289, -13.835902], [18.471493, -13.834521], [18.462543, -13.834313], [18.445399, -13.834455], [18.42943, -13.833243], [18.414401, -13.830842], [18.400082, -13.827416], [18.37264, -13.818145], [18.345244, -13.806744], [18.311818, -13.79287], [18.292784, -13.785824], [18.271766, -13.778997], [18.244019, -13.771336], [18.217955, -13.765338], [18.170636, -13.756442], [18.120716, -13.746604], [18.097419, -13.740251], [18.07467, -13.731877], [18.064254, -13.726949], [18.054447, -13.721385], [18.036348, -13.70875], [18.019747, -13.694769], [18.004022, -13.680239], [17.989255, -13.666544], [17.974345, -13.654007], [17.958778, -13.64335], [17.950588, -13.638952], [17.942041, -13.635296], [17.924499, -13.630509], [17.903976, -13.627364], [17.881774, -13.625579], [17.859193, -13.624869], [17.818095, -13.625538], [17.791087, -13.6271], [17.784095, -13.643713], [17.773744, -13.662504], [17.767489, -13.670969], [17.760612, -13.67788], [17.753183, -13.68254], [17.749284, -13.683807], [17.745274, -13.684249], [17.729737, -13.686808], [17.705328, -13.693316], [17.649144, -13.711156], [17.668195, -13.778225], [17.680089, -13.822703], [17.690121, -13.864224], [17.691506, -13.872523], [17.691917, -13.880981], [17.691362, -13.889568], [17.689853, -13.898254], [17.687399, -13.90701], [17.684009, -13.915807], [17.679693, -13.924613], [17.674461, -13.933401], [17.66494, -13.94637], [17.653725, -13.958791], [17.641169, -13.970413], [17.627627, -13.980987], [17.613452, -13.99026], [17.598998, -13.997982], [17.584618, -14.003903], [17.570666, -14.007771], [17.549174, -14.010575], [17.520825, -14.012425], [17.453367, -14.014453], [17.404469, -14.015895], [17.382984, -14.016966], [17.367059, -14.018463], [17.367522, -14.021996], [17.367224, -14.026151], [17.365618, -14.032487], [17.362567, -14.039567], [17.358191, -14.047261], [17.35261, -14.055441], [17.338314, -14.072737], [17.320642, -14.090419], [17.300556, -14.107452], [17.27902, -14.122799], [17.256995, -14.135425], [17.246101, -14.140393], [17.235445, -14.144293], [17.230144, -14.146394], [17.225644, -14.149051], [17.221903, -14.152247], [17.218874, -14.155965], [17.216513, -14.160189], [17.214775, -14.164903], [17.212988, -14.175734], [17.213154, -14.188328], [17.214913, -14.202554], [17.221778, -14.235375], [17.226062, -14.254088], [17.229048, -14.271192], [17.229814, -14.286387], [17.229076, -14.293174], [17.227438, -14.299372], [17.224128, -14.30645], [17.219711, -14.312383], [17.214201, -14.317156], [17.207615, -14.320755], [17.19787, -14.323546], [17.187107, -14.324318], [17.175482, -14.323324], [17.163147, -14.320815], [17.150258, -14.317046], [17.13697, -14.312267], [17.109809, -14.300695], [17.095779, -14.293044], [17.083153, -14.283969], [17.060494, -14.263606], [17.039624, -14.244786], [17.028581, -14.236652], [17.016508, -14.229851], [17.001395, -14.221699], [16.984544, -14.210779], [16.96689, -14.197662], [16.949364, -14.182916], [16.932901, -14.167113], [16.918432, -14.150824], [16.90689, -14.134618], [16.902509, -14.126724], [16.89921, -14.119066], [16.89388, -14.103525], [16.882162, -14.070466], [16.874746, -14.053167], [16.865975, -14.036486], [16.85561, -14.02127], [16.849755, -14.014476], [16.843413, -14.008367], [16.836553, -14.003048], [16.829146, -13.998625], [16.821162, -13.995205], [16.812572, -13.992892], [16.802569, -13.9917], [16.794021, -13.992122], [16.786695, -13.993953], [16.780358, -13.996991], [16.774779, -14.00103], [16.769725, -14.005869], [16.760261, -14.017126], [16.752257, -14.026837], [16.742974, -14.035654], [16.737608, -14.039252], [16.731629, -14.042058], [16.72494, -14.04388], [16.717443, -14.04453], [16.709714, -14.043871], [16.70191, -14.042011], [16.694052, -14.039129], [16.686158, -14.035404], [16.670344, -14.026133], [16.654625, -14.015624], [16.639317, -14.005396], [16.624885, -13.99722], [16.618348, -13.994581], [16.612451, -13.993272], [16.607335, -13.993565], [16.60314, -13.99573], [16.596872, -13.999596], [16.588093, -14.002653], [16.577125, -14.00497], [16.564292, -14.006614], [16.534325, -14.008157], [16.50078, -14.00783], [16.466242, -14.006179], [16.433301, -14.003751], [16.382553, -13.998747], [16.377166, -14.10973], [16.373804, -14.196967], [16.371076, -14.293937], [16.369793, -14.392066], [16.370766, -14.482783], [16.372351, -14.522682], [16.374804, -14.557513], [16.378226, -14.586204], [16.382718, -14.607684], [16.390714, -14.633413], [16.398113, -14.653176], [16.405145, -14.667867], [16.412041, -14.678382], [16.41903, -14.685616], [16.426343, -14.690463], [16.434209, -14.693818], [16.442858, -14.696577], [16.454565, -14.700443], [16.468024, -14.705932], [16.476121, -14.710668], [16.483809, -14.717144], [16.491105, -14.72523], [16.49803, -14.734799], [16.504602, -14.745722], [16.510842, -14.75787], [16.522398, -14.78533], [16.532853, -14.81615], [16.542361, -14.849302], [16.559154, -14.918491], [16.586338, -15.044974], [16.605145, -15.136231], [16.658555, -15.186059], [16.702995, -15.228588], [16.752658, -15.277417], [16.802594, -15.328463], [16.847853, -15.377644], [16.867182, -15.400258], [16.883485, -15.420876], [16.896144, -15.438985], [16.90454, -15.454077], [16.912969, -15.471481], [16.920693, -15.485124], [16.92799, -15.495613], [16.93514, -15.503559], [16.942422, -15.50957], [16.950115, -15.514255], [16.967853, -15.522083], [16.982959, -15.528266], [17.000683, -15.536949], [17.011855, -15.544859], [17.024172, -15.557092], [17.037511, -15.573333], [17.051747, -15.593265], [17.066756, -15.61657], [17.082415, -15.642932], [17.098599, -15.672035], [17.115185, -15.703562], [17.149064, -15.772618], [17.183061, -15.847568], [17.216183, -15.925877], [17.247438, -16.005012], [17.254964, -16.026857], [17.261187, -16.049318], [17.266171, -16.072316], [17.26998, -16.095774], [17.272677, -16.119614], [17.274327, -16.143757], [17.274995, -16.168125], [17.274743, -16.192639], [17.273638, -16.217223], [17.271741, -16.241797], [17.265833, -16.290604], [17.257532, -16.338434], [17.247352, -16.384664], [17.235805, -16.428667], [17.223404, -16.469817], [17.210663, -16.50749], [17.198093, -16.54106], [17.186209, -16.569902], [17.175523, -16.59339], [17.166548, -16.610898], [17.159797, -16.621803], [17.137639, -16.650886], [17.120312, -16.673335], [17.104, -16.695896], [17.090843, -16.717173], [17.086117, -16.726894], [17.082981, -16.73577], [17.082304, -16.743313], [17.082412, -16.757336], [17.084725, -16.80242], [17.095902, -16.943987], [17.112326, -17.122151], [17.129809, -17.298593], [18.251449, -17.298593], [18.253784, -17.302933], [18.266573, -17.325322], [18.300424, -17.381012], [18.324063, -17.417725], [18.351544, -17.45842], [18.382395, -17.501649], [18.416142, -17.545964], [18.452309, -17.589916], [18.490424, -17.632059], [18.510064, -17.651998], [18.530012, -17.670943], [18.550211, -17.688711], [18.570599, -17.705121], [18.59112, -17.719993], [18.611712, -17.733146], [18.632317, -17.744398], [18.652876, -17.753568], [18.673328, -17.760476], [18.693616, -17.764941], [18.71368, -17.766781], [18.73346, -17.765816], [18.7749, -17.761572], [18.815485, -17.759012], [18.855012, -17.757978], [18.893272, -17.758315], [18.930062, -17.759864], [18.965174, -17.76247], [18.998404, -17.765975], [19.029546, -17.770223], [19.058394, -17.775056], [19.084742, -17.780318], [19.108384, -17.785852], [19.129115, -17.791501], [19.146728, -17.797108], [19.161019, -17.802516], [19.171781, -17.807568], [19.178809, -17.812108], [19.182895, -17.814167], [19.189466, -17.815663], [19.209317, -17.817068], [19.236877, -17.816543], [19.270657, -17.814304], [19.309169, -17.810568], [19.350927, -17.805553], [19.394443, -17.799477], [19.438229, -17.792558], [19.442391, -17.791883], [19.445386, -17.794734], [19.476062, -17.822686], [19.506079, -17.847696], [19.530908, -17.865689], [19.539963, -17.870781], [19.546022, -17.872592], [19.548832, -17.871263], [19.551752, -17.867725], [19.557862, -17.85672], [19.565957, -17.842085], [19.571278, -17.834376], [19.577767, -17.826873], [19.585663, -17.819925], [19.595203, -17.813884], [19.606627, -17.8091], [19.620173, -17.805922], [19.632014, -17.804881], [19.644478, -17.805276], [19.65745, -17.806929], [19.670818, -17.809661], [19.698285, -17.817649], [19.725974, -17.827814], [19.685411, -17.784019], [19.635771, -17.732287], [19.610394, -17.706934], [19.586162, -17.683786], [19.564216, -17.664237], [19.545692, -17.649685], [19.539767, -17.644853], [19.534867, -17.639522], [19.531001, -17.63371], [19.528179, -17.627435], [19.526412, -17.620712], [19.525708, -17.61356], [19.526078, -17.605995], [19.527532, -17.598034], [19.530851, -17.587746], [19.535649, -17.577365], [19.541777, -17.566986], [19.549089, -17.556701], [19.557439, -17.546603], [19.56668, -17.536784], [19.587247, -17.518356], [19.609619, -17.50216], [19.63262, -17.488937], [19.643991, -17.483673], [19.655079, -17.47943], [19.665738, -17.476302], [19.675821, -17.474381], [19.696603, -17.471284], [19.715486, -17.467541], [19.732323, -17.463214], [19.746965, -17.458364], [19.759264, -17.453051], [19.769072, -17.447337], [19.776239, -17.441283], [19.780619, -17.434949]]]}}, {"type": "Feature", "properties": {"PROVINCIA": "Cuando", "SEDE": "Mavinga", "N_MUNIC": 9, "N_COMUNAS": 6, "ID": 5, "MUNICIPIOS": ["Cuito Cuanavale", "Dirico", "Mavinga", "Rivungo", "Xipundo", "Dima", "Luiana", "Mucusso", "Luengue"], "COMUNAS": ["Cuito Cuanavale", "Lupire", "Dirico", "Xamavera", "Cunjamba", "Cutuile"]}, "geometry": {"type": "Polygon", "coordinates": [[[23.231326, -17.704946], [23.221912, -17.693701], [23.209216, -17.680255], [23.193501, -17.665901], [23.175031, -17.65193], [23.164846, -17.645493], [23.15407, -17.639636], [23.142738, -17.634522], [23.130882, -17.630311], [23.118534, -17.627166], [23.105729, -17.625248], [23.092498, -17.624718], [23.078875, -17.625739], [23.060032, -17.626871], [23.041392, -17.625357], [23.023088, -17.621544], [23.005252, -17.615779], [22.988018, -17.608409], [22.971518, -17.599781], [22.955885, -17.590242], [22.941251, -17.580139], [22.915514, -17.559627], [22.89537, -17.541022], [22.876106, -17.52063], [22.874608, -17.518785], [22.874279, -17.516443], [22.870914, -17.499498], [22.866465, -17.483183], [22.861008, -17.467494], [22.854622, -17.452423], [22.847384, -17.437964], [22.839371, -17.424112], [22.830662, -17.41086], [22.821334, -17.398201], [22.801133, -17.374639], [22.779389, -17.353377], [22.756724, -17.334364], [22.733759, -17.317552], [22.711117, -17.30289], [22.689418, -17.290328], [22.669285, -17.279816], [22.651338, -17.271305], [22.624493, -17.260085], [22.613856, -17.256268], [22.611864, -17.255428], [22.610366, -17.253926], [21.964901, -16.553079], [21.964901, -16.549744], [21.963458, -16.515336], [21.959379, -16.483], [21.953038, -16.452753], [21.944809, -16.424615], [21.935067, -16.398605], [21.924187, -16.374741], [21.912542, -16.353043], [21.900507, -16.333529], [21.888457, -16.316218], [21.876765, -16.301129], [21.855956, -16.277692], [21.835115, -16.258309], [21.833947, -16.257304], [21.831777, -16.255802], [21.831777, -16.254962], [21.745649, -16.158361], [21.656833, -16.060411], [21.583887, -15.982324], [21.559163, -15.957358], [21.545365, -15.945313], [21.534045, -15.938465], [21.503996, -15.919972], [21.48689, -15.908426], [21.469498, -15.895435], [21.452644, -15.881065], [21.437155, -15.865384], [21.423856, -15.848458], [21.418286, -15.839548], [21.413574, -15.830353], [21.401584, -15.801315], [21.388586, -15.766521], [21.373431, -15.725559], [21.357075, -15.68549], [21.348617, -15.667597], [21.340062, -15.652096], [21.33148, -15.639709], [21.322938, -15.631158], [21.315121, -15.623825], [21.307982, -15.614328], [21.301433, -15.602994], [21.295387, -15.590151], [21.284447, -15.561245], [21.27446, -15.530224], [21.260778, -15.489471], [21.253867, -15.473755], [21.250415, -15.467961], [21.246972, -15.463886], [21.238778, -15.458545], [21.228162, -15.454488], [21.202479, -15.448345], [21.183093, -15.444103], [21.163952, -15.438216], [21.154964, -15.43422], [21.146623, -15.42929], [21.139126, -15.42325], [21.132669, -15.415926], [21.128653, -15.409536], [21.125406, -15.402577], [21.120798, -15.387313], [21.118001, -15.370857], [21.116171, -15.353928], [21.113954, -15.33491], [21.110424, -15.31796], [21.107757, -15.31073], [21.10427, -15.304582], [21.099798, -15.299704], [21.094178, -15.296282], [21.064191, -15.285756], [21.048744, -15.280628], [21.032953, -15.274181], [21.01541, -15.264788], [20.99471, -15.250817], [20.962895, -15.224419], [20.906008, -15.177281], [20.870852, -15.150592], [20.8326, -15.124408], [20.812636, -15.112112], [20.792286, -15.100668], [20.77168, -15.090321], [20.750946, -15.081311], [20.730215, -15.073881], [20.709614, -15.068274], [20.689275, -15.064733], [20.669325, -15.063498], [20.666647, -15.063002], [20.642201, -15.053102], [20.621291, -15.042135], [20.610934, -15.035395], [20.601507, -15.02791], [20.5943, -15.025679], [20.581129, -15.023738], [20.53921, -15.020671], [20.480388, -15.01859], [20.409298, -15.01738], [20.248863, -15.017098], [20.095002, -15.018886], [20.092337, -15.019052], [20.090167, -15.017537], [20.064974, -14.999799], [20.000923, -14.952379], [19.957797, -14.918964], [19.909123, -14.879841], [19.856289, -14.835579], [19.800684, -14.78675], [19.743696, -14.733923], [19.686714, -14.677671], [19.65866, -14.648438], [19.631128, -14.618562], [19.604292, -14.588116], [19.578325, -14.557169], [19.553401, -14.525794], [19.529694, -14.494061], [19.507377, -14.462042], [19.486624, -14.429809], [19.467608, -14.397433], [19.450504, -14.364984], [19.435484, -14.332535], [19.422722, -14.300156], [19.405479, -14.291351], [19.39234, -14.285751], [19.377255, -14.28048], [19.361021, -14.276384], [19.344438, -14.274309], [19.336265, -14.274293], [19.328304, -14.275099], [19.320656, -14.276833], [19.313418, -14.279601], [19.307797, -14.281864], [19.302123, -14.283302], [19.290653, -14.283937], [19.279086, -14.281982], [19.267498, -14.277914], [19.255964, -14.272209], [19.244561, -14.265342], [19.222453, -14.250033], [19.207621, -14.239673], [19.193506, -14.230957], [19.187019, -14.227828], [19.181075, -14.225845], [19.175794, -14.225252], [19.171297, -14.226295], [19.152414, -14.235954], [19.136382, -14.245868], [19.123208, -14.256029], [19.112902, -14.266427], [19.105469, -14.277051], [19.100919, -14.287893], [19.099259, -14.298941], [19.100497, -14.310186], [19.104494, -14.323435], [19.110115, -14.338201], [19.123987, -14.369843], [19.135946, -14.396978], [19.144187, -14.418973], [19.14661, -14.428161], [19.14774, -14.436205], [19.147456, -14.443152], [19.145637, -14.44905], [19.143684, -14.452268], [19.141105, -14.454895], [19.137961, -14.456897], [19.134317, -14.458239], [19.129184, -14.458633], [19.123433, -14.457449], [19.116911, -14.454707], [19.10947, -14.450426], [19.091228, -14.437324], [19.067501, -14.418299], [19.030192, -14.388649], [19.01034, -14.374298], [18.990338, -14.361568], [18.970672, -14.351439], [18.961117, -14.347656], [18.951829, -14.34489], [18.942867, -14.343264], [18.934293, -14.3429], [18.926168, -14.343921], [18.918553, -14.346449], [18.897404, -14.357208], [18.886349, -14.36421], [18.875478, -14.372495], [18.865169, -14.382214], [18.855802, -14.393517], [18.847755, -14.406556], [18.841407, -14.421481], [18.83858, -14.431135], [18.836533, -14.441296], [18.835264, -14.45196], [18.834772, -14.463126], [18.836116, -14.486948], [18.840553, -14.512743], [18.848076, -14.540487], [18.858675, -14.570161], [18.872339, -14.601743], [18.88906, -14.635211], [18.89439, -14.645062], [18.8834, -14.647239], [18.578332, -14.710905], [18.582983, -14.737364], [18.593055, -14.780425], [18.62115, -14.889543], [18.645313, -14.982612], [18.667367, -15.072126], [18.676456, -15.11252], [18.683642, -15.148388], [18.688464, -15.178519], [18.690466, -15.2017], [18.690326, -15.220044], [18.689152, -15.24001], [18.684374, -15.283457], [18.677474, -15.329346], [18.669793, -15.37498], [18.658489, -15.445126], [18.65567, -15.472552], [18.655644, -15.481914], [18.656798, -15.487445], [18.665002, -15.494739], [18.676562, -15.506677], [18.704931, -15.539], [18.732271, -15.573453], [18.742543, -15.588051], [18.748944, -15.599071], [18.75472, -15.5991], [18.763058, -15.598182], [18.785174, -15.594224], [18.835404, -15.582868], [18.873425, -15.574087], [18.897992, -15.569394], [18.906282, -15.568507], [18.912469, -15.568554], [18.916973, -15.569507], [18.920215, -15.571336], [18.925234, -15.57631], [18.93288, -15.585541], [18.950733, -15.606743], [18.961792, -15.618411], [18.973848, -15.629467], [18.986584, -15.638917], [18.999682, -15.645769], [19.006266, -15.64791], [19.012822, -15.649029], [19.019308, -15.649002], [19.025686, -15.647705], [19.035014, -15.644688], [19.036346, -15.654387], [19.041884, -15.699033], [19.046079, -15.742195], [19.049547, -15.793106], [19.051033, -15.847157], [19.050639, -15.873921], [19.049277, -15.899743], [19.046792, -15.924046], [19.043024, -15.946254], [19.037818, -15.965793], [19.031016, -15.982084], [19.026729, -15.991347], [19.022588, -16.002361], [19.014582, -16.028998], [18.998528, -16.096217], [18.988331, -16.140484], [18.976977, -16.185783], [18.963886, -16.230577], [18.956508, -16.252304], [18.948478, -16.273328], [18.939724, -16.293458], [18.930173, -16.3125], [18.919752, -16.330263], [18.90839, -16.346554], [18.896012, -16.361182], [18.882548, -16.373955], [18.867924, -16.384679], [18.852067, -16.393163], [18.851883, -16.409972], [18.852796, -16.435991], [18.855886, -16.468633], [18.858586, -16.48663], [18.862237, -16.505312], [18.866973, -16.524357], [18.872929, -16.54344], [18.880242, -16.562239], [18.889046, -16.58043], [18.899476, -16.59769], [18.911668, -16.613696], [18.925757, -16.628123], [18.941878, -16.640648], [18.944048, -16.642825], [18.965962, -16.672376], [18.989376, -16.702582], [19.018145, -16.738007], [19.050053, -16.774851], [19.082887, -16.809311], [19.098959, -16.82446], [19.114433, -16.837588], [19.129031, -16.84822], [19.142477, -16.85588], [19.154151, -16.861956], [19.166162, -16.869301], [19.191112, -16.887171], [19.217154, -16.908236], [19.244115, -16.931243], [19.28245, -16.963583], [19.301687, -16.978946], [19.32088, -16.993215], [19.339965, -17.005973], [19.358873, -17.016802], [19.377538, -17.025285], [19.395894, -17.031006], [19.397899, -17.031503], [19.399562, -17.032839], [19.596895, -17.204964], [19.66767, -17.267997], [19.731164, -17.325786], [19.779448, -17.371708], [19.795408, -17.38815], [19.804592, -17.399141], [19.808131, -17.405068], [19.810586, -17.410675], [19.812781, -17.420844], [19.812259, -17.429478], [19.8101, -17.436409], [19.807088, -17.441798], [19.803109, -17.44682], [19.798245, -17.451488], [19.79258, -17.455813], [19.779178, -17.46349], [19.763566, -17.469953], [19.746407, -17.475304], [19.728367, -17.479645], [19.692294, -17.485704], [19.682749, -17.48752], [19.672755, -17.490514], [19.662442, -17.49458], [19.651938, -17.499611], [19.630874, -17.512148], [19.610597, -17.527273], [19.59214, -17.544137], [19.576536, -17.561891], [19.570126, -17.570836], [19.564816, -17.579685], [19.560737, -17.588331], [19.558016, -17.596668], [19.556674, -17.60711], [19.55816, -17.616191], [19.559968, -17.620246], [19.56249, -17.623991], [19.569678, -17.630588], [19.594523, -17.650516], [19.624185, -17.67773], [19.656391, -17.709424], [19.688864, -17.742796], [19.745515, -17.803352], [19.775937, -17.836962], [19.776102, -17.837127], [19.805013, -17.848051], [19.81725, -17.851815], [19.827423, -17.853839], [19.84994, -17.8539], [19.886559, -17.851384], [19.932499, -17.846941], [19.982978, -17.841222], [20.078429, -17.828555], [20.113838, -17.822907], [20.13466, -17.818582], [20.141309, -17.817942], [20.148496, -17.819612], [20.156383, -17.823518], [20.16513, -17.829589], [20.185857, -17.847933], [20.211971, -17.874064], [20.243184, -17.905329], [20.25945, -17.92044], [20.275758, -17.934198], [20.291809, -17.945848], [20.307303, -17.954637], [20.314748, -17.957723], [20.321941, -17.959811], [20.328846, -17.960806], [20.335424, -17.960615], [20.34868, -17.959983], [20.3642, -17.961079], [20.381603, -17.963691], [20.400509, -17.967607], [20.441313, -17.97851], [20.483571, -17.992096], [20.524242, -18.006678], [20.560288, -18.020564], [20.606342, -18.039491], [20.636502, -18.02145], [20.661927, -18.007363], [20.693669, -17.990908], [20.731291, -17.972839], [20.774359, -17.953913], [20.822437, -17.934885], [20.875089, -17.916512], [20.892109, -17.911756], [20.909179, -17.908479], [20.926282, -17.906584], [20.943402, -17.905973], [20.968946, -17.907258], [20.994245, -17.910909], [21.019141, -17.916623], [21.04348, -17.924094], [21.067104, -17.933018], [21.089857, -17.943091], [21.111583, -17.954008], [21.132126, -17.965464], [21.169038, -17.988778], [21.199343, -18.010596], [21.221791, -18.028482], [21.235132, -18.04], [23.231326, -17.704946]]]}}, {"type": "Feature", "properties": {"PROVINCIA": "Luanda", "SEDE": "Ingombota", "N_MUNIC": 16, "N_COMUNAS": 13, "ID": 13, "MUNICIPIOS": ["Ingombota", "Cacuaco", "Cazenga", "Viana", "Belas", "Kilamba Kiaxi", "Talatona", "Mussulo", "Sambizanga", "Rangel", "Maianga", "Samba", "Camama", "Mulenvos", "Kilamba", "Hoji ya Henda"], "COMUNAS": ["Cacuaco", "Kikolo", "Cazenga", "Kima Kieza", "Barra do Cuanza", "Cabolombo", "Ramiros", "Golfe", "Nova Vida", "Benfica", "Talatona", "Kilamba", "Vila Flôr"]}, "geometry": {"type": "Polygon", "coordinates": [[[13.200882, -9.048797], [13.209349, -9.026801], [13.214823, -9.006522], [13.217778, -8.987907], [13.218688, -8.970903], [13.218029, -8.955459], [13.216274, -8.941521], [13.211377, -8.917953], [13.208647, -8.905626], [13.207544, -8.894558], [13.195187, -8.89737], [13.182182, -8.901276], [13.154487, -8.912093], [13.124978, -8.926443], [13.094171, -8.94376], [13.062585, -8.96348], [13.030738, -8.985036], [12.999148, -9.007862], [12.968333, -9.031393], [12.93881, -9.055064], [12.911097, -9.078308], [12.863174, -9.121253], [12.844, -9.139823], [12.828708, -9.155704], [12.817816, -9.16833], [12.811841, -9.177135], [12.810392, -9.183131], [12.810968, -9.190817], [12.813363, -9.199968], [12.817373, -9.210358], [12.829417, -9.233957], [12.845458, -9.259812], [12.863858, -9.28612], [12.882975, -9.311081], [12.901171, -9.332893], [12.916804, -9.349753], [12.923751, -9.357551], [12.931436, -9.367686], [12.94811, -9.393597], [12.965001, -9.42474], [12.980282, -9.458375], [12.994495, -9.436613], [13.014858, -9.407114], [13.04097, -9.37166], [13.072428, -9.332036], [13.083453, -9.319425], [13.093279, -9.309786], [13.102081, -9.302739], [13.110035, -9.297905], [13.117318, -9.294904], [13.124105, -9.293356], [13.136896, -9.2931], [13.144574, -9.292975], [13.148563, -9.291767], [13.152919, -9.289198], [13.157846, -9.284819], [13.163542, -9.278182], [13.17021, -9.268839], [13.178051, -9.256342], [13.185572, -9.242332], [13.190735, -9.229483], [13.193869, -9.217577], [13.1953, -9.206398], [13.195356, -9.195728], [13.194365, -9.185349], [13.190552, -9.164598], [13.186284, -9.141544], [13.18496, -9.128999], [13.184657, -9.115532], [13.185737, -9.100961], [13.18856, -9.085103], [13.193488, -9.067776], [13.200882, -9.048797]]]}}]}